,Zone_temp,Airflow,Discharge_air_temperature,CO2
0,74.30000305,13,63.0,322
1,74.30000305,13,63.0,323
2,74.30000305,13,63.0,323
3,74.30000305,13,63.20000076,321
4,74.30000305,13,63.0,322
5,74.30000305,13,63.0,323
6,74.30000305,13,63.0,324
7,74.30000305,13,63.0,323
8,74.30000305,13,62.90000153,323
9,74.30000305,13,62.90000153,323
10,74.30000305,13,62.90000153,323
11,74.30000305,13,62.90000153,323
12,74.19999695,13,62.79999924,322
13,74.19999695,13,62.79999924,323
14,74.19999695,13,62.79999924,323
15,74.19999695,13,62.79999924,322
16,74.19999695,13,62.79999924,324
17,74.19999695,13,62.79999924,324
18,74.19999695,13,62.70000076,324
19,74.19999695,13,62.70000076,323
20,74.19999695,13,62.70000076,322
21,74.19999695,13,62.70000076,325
22,74.19999695,13,62.70000076,323
23,74.19999695,13,62.59999847,323
24,74.19999695,13,62.70000076,322
25,74.19999695,13,62.59999847,323
26,74.19999695,13,62.59999847,324
27,74.19999695,13,62.5,324
28,74.19999695,13,62.59999847,324
29,74.19999695,13,62.5,320
30,74.19999695,13,62.59999847,324
31,74.19999695,13,62.5,324
32,74.19999695,13,62.5,324
33,74.19999695,13,62.5,323
34,74.19999695,13,62.5,324
35,74.19999695,13,62.5,323
36,74.19999695,13,62.5,320
37,74.19999695,13,62.5,324
38,74.19999695,13,62.5,322
39,74.19999695,13,62.5,323
40,74.19999695,13,62.70000076,322
41,74.19999695,13,62.5,323
42,74.19999695,13,62.5,321
43,74.19999695,13,62.5,323
44,74.19999695,13,62.59999847,323
45,74.19999695,13,62.59999847,323
46,74.19999695,13,62.59999847,321
47,74.19999695,13,62.70000076,324
48,74.19999695,13,62.59999847,324
49,74.19999695,13,62.59999847,324
50,74.19999695,13,62.79999924,319
51,74.19999695,13,62.59999847,323
52,74.19999695,13,62.70000076,324
53,74.19999695,13,62.79999924,319
54,74.19999695,13,62.70000076,325
55,74.19999695,13,62.79999924,322
56,74.19999695,13,62.70000076,322
57,74.19999695,13,62.70000076,325
58,74.19999695,13,62.70000076,325
59,74.19999695,13,62.79999924,324
60,74.19999695,13,62.79999924,324
61,74.19999695,13,62.90000153,322
62,74.19999695,13,62.79999924,323
63,74.19999695,13,62.79999924,323
64,74.09999847,13,62.79999924,323
65,74.09999847,13,62.79999924,324
66,74.09999847,13,62.90000153,322
67,74.09999847,13,62.79999924,321
68,74.09999847,13,62.90000153,322
69,74.09999847,13,62.90000153,323
70,74.09999847,13,62.90000153,322
71,74.09999847,13,62.90000153,321
72,74.09999847,13,62.90000153,324
73,74.09999847,13,62.90000153,320
74,74.09999847,13,62.90000153,322
75,74.09999847,13,62.90000153,323
76,74.09999847,13,62.90000153,319
77,74.09999847,13,62.90000153,323
78,74.09999847,13,62.90000153,321
79,74.09999847,13,62.90000153,324
80,74.09999847,13,62.90000153,323
81,74.09999847,13,62.79999924,321
82,74.09999847,13,62.79999924,320
83,74.09999847,13,62.79999924,324
84,74.09999847,13,62.79999924,325
85,74.09999847,13,62.79999924,322
86,74.09999847,13,62.79999924,325
87,74.09999847,13,62.79999924,323
88,74.09999847,13,62.70000076,322
89,74.09999847,13,62.79999924,322
90,74.09999847,13,62.70000076,322
91,74.09999847,13,62.70000076,322
92,74.09999847,13,62.70000076,322
93,74.09999847,13,62.59999847,321
94,74.09999847,13,62.59999847,323
95,74.09999847,13,62.59999847,321
96,74.09999847,13,62.59999847,322
97,74.09999847,13,62.5,323
98,74.09999847,13,62.5,323
99,74.09999847,13,62.5,324
100,74.09999847,13,62.5,323
101,74.09999847,13,62.40000153,322
102,74.09999847,13,62.5,323
103,74.09999847,13,62.40000153,319
104,74.09999847,13,62.29999924,320
105,74.09999847,13,62.29999924,322
106,74.09999847,13,62.29999924,320
107,74.09999847,13,62.29999924,323
108,74.09999847,13,62.29999924,321
109,74.09999847,13,62.5,320
110,74.09999847,13,62.29999924,321
111,74.09999847,13,62.5,320
112,74.09999847,13,62.40000153,322
113,74.09999847,13,62.59999847,319
114,74.09999847,13,62.40000153,323
115,74.09999847,13,62.40000153,321
116,74.09999847,13,62.5,322
117,74.09999847,13,62.5,320
118,74.09999847,13,62.5,322
119,74.09999847,13,62.70000076,320
120,74.09999847,13,62.70000076,323
121,74.09999847,13,62.70000076,322
122,74.09999847,13,62.70000076,322
123,74.09999847,13,62.79999924,323
124,74.09999847,13,62.79999924,323
125,74.09999847,13,62.79999924,320
126,74.09999847,13,62.90000153,320
127,74.09999847,13,62.90000153,320
128,74.09999847,13,62.90000153,323
129,74.09999847,13,62.90000153,323
130,74.09999847,13,63.0,320
131,74.09999847,13,62.90000153,322
132,74.09999847,13,62.90000153,323
133,74.09999847,13,63.0,319
134,74.09999847,13,62.79999924,322
135,74.09999847,13,62.79999924,320
136,74.09999847,13,62.79999924,323
137,74.09999847,13,62.79999924,321
138,74.09999847,13,62.79999924,322
139,74.09999847,13,62.90000153,319
140,74.09999847,13,62.70000076,322
141,74.09999847,13,62.70000076,322
142,74.09999847,13,62.59999847,323
143,74.09999847,13,62.59999847,321
144,74.09999847,13,62.59999847,321
145,74.09999847,13,62.79999924,318
146,74.09999847,13,62.59999847,320
147,74.09999847,13,62.70000076,318
148,74.09999847,13,62.70000076,318
149,74.09999847,13,62.5,322
150,74.09999847,13,62.40000153,322
151,74.09999847,13,62.40000153,320
152,74.09999847,13,62.40000153,322
153,74.09999847,13,62.40000153,320
154,74.09999847,13,62.29999924,319
155,74.09999847,13,62.40000153,321
156,74.09999847,13,62.40000153,323
157,74.09999847,13,62.5,319
158,74.09999847,13,62.40000153,321
159,74.09999847,13,62.40000153,322
160,74.09999847,13,62.40000153,320
161,74.09999847,13,62.40000153,322
162,74.0,13,62.40000153,318
163,74.0,13,62.40000153,321
164,74.0,13,62.40000153,320
165,74.0,13,62.70000076,317
166,74.0,13,62.5,321
167,74.0,13,62.5,318
168,74.0,13,62.5,322
169,74.0,13,62.59999847,321
170,74.0,13,62.59999847,320
171,74.0,13,62.59999847,321
172,74.0,13,62.59999847,321
173,74.0,13,62.70000076,319
174,74.0,13,62.70000076,322
175,74.0,13,62.70000076,318
176,74.0,13,62.70000076,321
177,74.0,13,62.79999924,323
178,74.0,13,62.79999924,323
179,74.0,13,62.90000153,321
180,74.0,13,62.90000153,322
181,74.0,13,62.90000153,320
182,74.0,13,62.90000153,322
183,74.0,13,62.90000153,322
184,74.0,13,62.90000153,320
185,74.0,13,63.09999847,318
186,74.0,13,62.90000153,322
187,74.0,13,62.90000153,319
188,74.0,13,62.90000153,320
189,74.0,13,63.0,319
190,74.0,13,62.79999924,321
191,74.0,13,62.79999924,322
192,74.0,13,62.79999924,324
193,74.0,13,62.90000153,321
194,74.0,13,62.90000153,316
195,74.0,13,62.90000153,318
196,74.0,13,62.70000076,318
197,74.0,13,62.59999847,319
198,74.0,13,62.59999847,320
199,74.0,13,62.59999847,320
200,74.0,13,62.59999847,321
201,74.0,13,62.5,321
202,74.0,13,62.5,319
203,74.0,13,62.40000153,322
204,74.0,13,62.40000153,320
205,74.0,13,62.40000153,321
206,74.0,13,62.29999924,321
207,74.0,13,62.29999924,319
208,74.0,13,62.29999924,321
209,74.0,13,62.29999924,318
210,74.0,13,62.29999924,322
211,74.0,13,62.29999924,319
212,74.0,13,62.40000153,322
213,74.0,13,62.29999924,320
214,74.0,13,62.40000153,321
215,74.0,13,62.40000153,321
216,74.0,13,62.40000153,320
217,74.0,13,62.5,317
218,74.0,13,62.59999847,320
219,74.0,13,62.59999847,319
220,74.0,13,62.79999924,318
221,74.0,13,62.70000076,322
222,74.0,13,62.70000076,318
223,74.0,13,62.79999924,318
224,74.0,13,62.79999924,319
225,74.0,13,62.79999924,321
226,74.0,13,62.90000153,321
227,74.0,13,62.90000153,320
228,74.0,13,62.90000153,318
229,74.0,13,63.0,317
230,74.0,13,63.0,320
231,74.0,13,62.90000153,320
232,74.0,13,62.90000153,322
233,74.0,13,63.09999847,317
234,74.0,13,62.90000153,318
235,74.0,13,62.79999924,320
236,74.0,13,62.79999924,321
237,74.0,13,62.79999924,320
238,74.0,13,62.70000076,321
239,74.0,13,62.70000076,322
240,74.0,13,62.59999847,320
241,74.0,13,62.59999847,319
242,74.0,13,62.59999847,321
243,74.0,13,62.5,321
244,74.0,13,62.5,323
245,74.0,13,62.40000153,321
246,74.0,13,62.40000153,321
247,74.0,13,62.40000153,318
248,74.0,13,62.40000153,317
249,74.0,13,62.40000153,318
250,74.0,13,62.40000153,321
251,74.0,13,62.29999924,320
252,74.0,13,62.29999924,319
253,74.0,13,62.40000153,322
254,74.0,13,62.5,320
255,74.0,13,62.40000153,321
256,74.0,13,62.5,319
257,74.0,13,62.59999847,317
258,74.0,13,62.5,319
259,74.0,13,62.79999924,317
260,74.0,13,62.59999847,319
261,74.0,13,62.70000076,321
262,74.0,13,62.79999924,316
263,74.0,13,62.79999924,318
264,74.0,13,62.79999924,319
265,74.0,13,62.90000153,320
266,74.0,13,62.90000153,321
267,74.0,13,63.0,318
268,74.0,13,62.90000153,318
269,74.0,13,62.90000153,319
270,74.0,13,62.90000153,319
271,74.0,13,62.79999924,320
272,74.0,13,63.0,318
273,74.0,13,62.79999924,321
274,74.0,13,62.79999924,321
275,74.0,13,62.90000153,317
276,74.0,13,62.70000076,317
277,74.0,13,62.70000076,321
278,74.0,13,62.59999847,320
279,74.0,13,62.59999847,318
280,74.0,13,62.59999847,322
281,74.0,13,62.5,321
282,74.0,13,62.40000153,319
283,74.0,13,62.40000153,321
284,74.0,13,62.5,317
285,74.0,13,62.40000153,322
286,74.0,13,62.40000153,318
287,74.0,13,62.40000153,320
288,74.0,13,62.40000153,317
289,74.0,13,62.40000153,322
290,74.0,13,62.40000153,320
291,74.0,13,62.59999847,315
292,74.0,13,62.40000153,318
293,74.0,13,62.40000153,320
294,74.0,13,62.59999847,315
295,74.0,13,62.40000153,320
296,74.0,13,62.5,319
297,74.0,13,62.5,319
298,74.0,13,62.5,320
299,74.0,13,62.79999924,316
300,74.0,12,62.79999924,317
301,74.0,13,62.59999847,321
302,74.0,13,62.59999847,320
303,74.0,13,62.70000076,319
304,74.0,13,62.70000076,322
305,74.0,13,62.70000076,320
306,74.0,13,62.90000153,318
307,73.90000153,13,62.70000076,320
308,73.90000153,13,62.79999924,320
309,73.90000153,13,62.79999924,319
310,73.90000153,13,62.79999924,321
311,73.90000153,13,62.79999924,319
312,73.90000153,13,62.79999924,320
313,73.90000153,13,62.90000153,320
314,73.90000153,13,62.90000153,320
315,73.90000153,12,62.90000153,319
316,73.90000153,12,62.90000153,320
317,73.90000153,13,62.90000153,318
318,73.90000153,13,62.90000153,320
319,73.90000153,13,62.90000153,320
320,73.90000153,13,63.0,318
321,73.90000153,13,62.79999924,319
322,73.90000153,13,62.79999924,321
323,73.90000153,13,62.79999924,320
324,73.90000153,13,62.79999924,321
325,73.90000153,13,62.79999924,317
326,73.90000153,13,62.70000076,318
327,73.90000153,13,62.90000153,316
328,73.90000153,13,62.90000153,317
329,73.90000153,13,62.59999847,319
330,73.90000153,13,62.59999847,321
331,73.90000153,13,62.59999847,319
332,73.90000153,13,62.5,320
333,73.90000153,13,62.5,319
334,73.90000153,13,62.5,318
335,73.90000153,13,62.40000153,321
336,73.90000153,13,62.40000153,320
337,73.90000153,13,62.40000153,321
338,73.90000153,13,62.29999924,321
339,73.90000153,12,62.29999924,320
340,73.90000153,13,62.40000153,316
341,73.90000153,13,62.29999924,320
342,73.90000153,13,62.29999924,318
343,73.90000153,13,62.40000153,318
344,73.90000153,13,62.29999924,318
345,73.90000153,13,62.29999924,319
346,73.90000153,13,62.29999924,319
347,73.90000153,13,62.29999924,321
348,73.90000153,13,62.40000153,321
349,73.90000153,13,62.40000153,322
350,73.90000153,13,62.40000153,321
351,73.90000153,13,62.70000076,319
352,73.90000153,13,62.59999847,319
353,73.90000153,13,62.59999847,320
354,73.90000153,13,62.59999847,321
355,73.90000153,13,62.90000153,316
356,73.90000153,13,62.90000153,316
357,73.90000153,13,62.79999924,318
358,73.90000153,13,62.90000153,317
359,73.90000153,13,62.79999924,318
360,73.90000153,13,62.90000153,320
361,73.90000153,13,62.90000153,320
362,73.90000153,13,62.90000153,321
363,73.90000153,13,62.90000153,320
364,73.90000153,13,62.90000153,318
365,73.90000153,13,62.79999924,319
366,73.90000153,13,62.79999924,319
367,73.90000153,13,62.79999924,317
368,73.90000153,13,62.79999924,319
369,73.90000153,13,62.70000076,318
370,73.90000153,13,62.70000076,320
371,73.90000153,13,62.59999847,318
372,73.90000153,13,62.59999847,320
373,73.90000153,13,62.59999847,320
374,73.90000153,13,62.59999847,320
375,73.90000153,13,62.70000076,317
376,73.90000153,13,62.59999847,319
377,73.90000153,13,62.5,320
378,73.90000153,13,62.59999847,320
379,73.90000153,13,62.59999847,321
380,73.90000153,13,62.70000076,320
381,73.90000153,13,62.79999924,320
382,73.90000153,13,62.79999924,318
383,73.90000153,13,62.90000153,318
384,73.90000153,13,62.90000153,320
385,73.90000153,13,63.0,318
386,73.90000153,13,63.20000076,318
387,73.90000153,13,63.29999924,322
388,73.90000153,13,63.40000153,321
389,73.90000153,12,63.5,317
390,73.90000153,13,63.59999847,319
391,73.90000153,13,63.79999924,319
392,73.90000153,13,63.79999924,317
393,73.90000153,13,64.09999847,315
394,73.90000153,13,64.09999847,319
395,73.90000153,13,64.09999847,321
396,73.90000153,13,64.19999695,321
397,73.90000153,13,64.40000153,320
398,73.90000153,13,64.5,320
399,73.90000153,13,64.59999847,318
400,73.90000153,13,64.69999695,320
401,73.90000153,13,64.80000305,317
402,73.90000153,13,64.80000305,320
403,73.90000153,13,64.80000305,318
404,73.90000153,13,64.80000305,318
405,73.90000153,13,64.80000305,320
406,73.90000153,13,64.69999695,319
407,73.90000153,13,64.69999695,320
408,73.90000153,13,64.59999847,317
409,73.90000153,13,64.5,319
410,73.90000153,13,64.5,320
411,73.90000153,13,64.40000153,321
412,73.90000153,13,64.30000305,320
413,73.90000153,13,64.30000305,321
414,73.90000153,13,64.30000305,317
415,73.90000153,13,64.19999695,318
416,73.90000153,13,64.19999695,318
417,73.90000153,13,64.19999695,320
418,73.90000153,13,64.19999695,321
419,73.90000153,12,64.19999695,319
420,73.90000153,13,64.19999695,319
421,73.90000153,13,64.30000305,317
422,73.90000153,13,64.19999695,319
423,73.90000153,13,64.19999695,321
424,73.90000153,13,64.19999695,320
425,73.90000153,12,64.19999695,321
426,73.90000153,13,64.09999847,321
427,73.90000153,13,64.09999847,320
428,73.90000153,12,64.19999695,315
429,73.90000153,13,64.0,321
430,73.90000153,13,63.90000153,319
431,73.90000153,13,63.90000153,319
432,73.90000153,13,63.79999924,321
433,73.90000153,13,63.79999924,317
434,73.90000153,13,63.70000076,320
435,73.90000153,13,63.59999847,318
436,73.90000153,13,63.59999847,317
437,73.90000153,13,63.5,322
438,73.90000153,13,63.5,320
439,73.90000153,12,63.40000153,321
440,73.90000153,12,63.40000153,322
441,73.90000153,13,63.40000153,319
442,73.90000153,12,63.59999847,317
443,73.90000153,12,63.40000153,320
444,73.90000153,12,63.5,318
445,73.90000153,13,63.5,320
446,73.90000153,13,63.5,320
447,73.90000153,12,63.5,321
448,73.90000153,12,63.5,320
449,73.90000153,13,63.5,319
450,73.90000153,12,63.5,318
451,73.90000153,13,63.40000153,318
452,73.90000153,13,63.40000153,320
453,73.90000153,12,63.40000153,320
454,73.90000153,12,63.40000153,318
455,73.90000153,13,63.29999924,320
456,73.90000153,13,63.29999924,318
457,73.90000153,12,63.40000153,316
458,73.90000153,12,63.29999924,319
459,73.90000153,12,63.20000076,317
460,73.90000153,13,63.09999847,317
461,73.90000153,13,63.09999847,320
462,73.90000153,13,63.0,318
463,73.90000153,13,63.0,320
464,73.90000153,13,63.09999847,318
465,73.90000153,13,63.29999924,316
466,73.90000153,13,63.09999847,320
467,73.90000153,13,63.20000076,316
468,73.90000153,13,63.20000076,318
469,73.90000153,12,63.20000076,319
470,73.90000153,13,63.20000076,316
471,73.90000153,13,63.20000076,319
472,73.90000153,12,63.20000076,320
473,73.90000153,13,63.20000076,320
474,73.90000153,12,63.20000076,319
475,73.90000153,12,63.09999847,319
476,73.90000153,12,63.09999847,320
477,73.90000153,13,63.0,320
478,73.90000153,12,63.0,320
479,73.90000153,13,63.0,320
480,73.90000153,13,62.90000153,318
481,73.90000153,13,62.90000153,321
482,73.90000153,13,62.90000153,320
483,73.90000153,12,62.90000153,320
484,73.90000153,12,62.90000153,320
485,73.90000153,12,62.79999924,321
486,73.90000153,13,62.79999924,317
487,73.90000153,12,62.79999924,317
488,73.90000153,12,62.79999924,319
489,73.90000153,13,63.0,317
490,73.80000305,12,62.90000153,322
491,73.80000305,12,62.90000153,321
492,73.80000305,13,63.0,319
493,73.80000305,12,62.90000153,319
494,73.80000305,13,63.0,318
495,73.80000305,12,63.0,320
496,73.80000305,13,63.0,320
497,73.80000305,13,63.0,319
498,73.80000305,13,63.0,320
499,73.80000305,13,63.20000076,315
500,73.80000305,13,63.09999847,320
501,73.80000305,13,63.0,322
502,73.80000305,13,62.90000153,319
503,73.80000305,13,62.90000153,321
504,73.80000305,13,62.79999924,322
505,73.80000305,13,62.79999924,320
506,73.80000305,13,62.79999924,320
507,73.80000305,13,62.79999924,317
508,73.80000305,13,62.79999924,319
509,73.80000305,13,62.79999924,320
510,73.80000305,12,62.79999924,320
511,73.80000305,13,62.70000076,320
512,73.80000305,13,62.79999924,322
513,73.80000305,13,62.79999924,319
514,73.80000305,13,62.79999924,321
515,73.80000305,13,62.90000153,321
516,73.80000305,13,62.90000153,319
517,73.80000305,13,62.90000153,319
518,73.80000305,13,62.90000153,320
519,73.80000305,12,63.0,317
520,73.80000305,13,62.90000153,320
521,73.80000305,13,62.90000153,320
522,73.80000305,12,62.90000153,319
523,73.80000305,12,63.0,319
524,73.80000305,13,62.79999924,318
525,73.80000305,13,62.79999924,318
526,73.80000305,13,62.79999924,317
527,73.80000305,12,62.79999924,316
528,73.80000305,13,62.70000076,320
529,73.80000305,13,62.70000076,321
530,73.80000305,13,62.70000076,317
531,73.80000305,13,62.90000153,316
532,73.80000305,13,62.70000076,320
533,73.80000305,13,62.70000076,320
534,73.80000305,12,62.70000076,320
535,73.80000305,13,62.70000076,319
536,73.80000305,13,62.70000076,318
537,73.80000305,12,62.79999924,318
538,73.80000305,12,62.79999924,318
539,73.80000305,13,62.79999924,321
540,73.80000305,13,62.79999924,320
541,73.80000305,13,62.90000153,320
542,73.80000305,12,62.90000153,318
543,73.80000305,13,63.0,319
544,73.80000305,13,62.90000153,320
545,73.80000305,13,62.90000153,321
546,73.80000305,13,62.90000153,321
547,73.80000305,13,62.79999924,320
548,73.80000305,13,62.79999924,319
549,73.80000305,13,62.79999924,320
550,73.80000305,13,62.79999924,321
551,73.80000305,13,62.70000076,321
552,73.80000305,13,62.70000076,322
553,73.80000305,12,62.70000076,319
554,73.80000305,12,62.59999847,321
555,73.80000305,12,62.59999847,321
556,73.80000305,13,62.59999847,320
557,73.80000305,13,62.59999847,319
558,73.80000305,12,62.59999847,319
559,73.80000305,13,62.79999924,317
560,73.80000305,13,62.70000076,318
561,73.80000305,13,62.70000076,320
562,73.80000305,13,62.70000076,322
563,73.80000305,13,62.90000153,315
564,73.80000305,13,62.79999924,321
565,73.80000305,12,62.79999924,319
566,73.80000305,13,63.0,319
567,73.80000305,13,62.79999924,322
568,73.80000305,13,62.79999924,322
569,73.80000305,13,62.79999924,320
570,73.80000305,12,63.0,320
571,73.80000305,13,62.70000076,320
572,73.69999695,13,62.79999924,317
573,73.59999847,13,62.70000076,322
574,73.59999847,13,62.70000076,366
575,73.5,12,62.59999847,342
576,73.40000153,13,62.59999847,337
577,73.5,13,62.79999924,334
578,73.5,12,62.59999847,337
579,73.5,13,62.5,336
580,73.5,13,62.5,334
581,73.59999847,13,62.5,335
582,73.59999847,12,62.5,334
583,73.59999847,13,62.70000076,328
584,73.69999695,13,62.70000076,330
585,73.69999695,12,62.59999847,332
586,73.69999695,13,62.59999847,330
587,73.69999695,13,62.70000076,331
588,73.69999695,12,62.70000076,332
589,73.69999695,12,62.79999924,332
590,73.69999695,12,62.79999924,331
591,73.69999695,12,62.79999924,333
592,73.69999695,12,62.79999924,333
593,73.69999695,12,62.79999924,331
594,73.80000305,12,62.79999924,331
595,73.80000305,12,62.79999924,332
596,73.80000305,12,62.79999924,332
597,73.80000305,13,62.90000153,330
598,73.80000305,12,62.70000076,333
599,73.80000305,12,62.70000076,331
600,73.80000305,13,62.59999847,330
601,73.80000305,12,62.79999924,327
602,73.80000305,13,62.59999847,331
603,73.80000305,13,62.59999847,331
604,73.80000305,12,62.59999847,330
605,73.80000305,13,62.59999847,331
606,73.80000305,12,62.59999847,329
607,73.80000305,12,62.59999847,329
608,73.80000305,13,62.59999847,328
609,73.80000305,12,62.79999924,328
610,73.80000305,12,62.59999847,330
611,73.80000305,12,62.70000076,330
612,73.80000305,12,62.70000076,330
613,73.80000305,12,62.70000076,328
614,73.80000305,12,62.79999924,328
615,73.80000305,13,62.79999924,327
616,73.80000305,12,62.90000153,329
617,73.80000305,12,62.79999924,330
618,73.80000305,13,62.79999924,328
619,73.80000305,12,62.79999924,329
620,73.80000305,12,62.79999924,330
621,73.80000305,12,62.90000153,325
622,73.80000305,12,62.70000076,328
623,73.80000305,12,62.70000076,329
624,73.80000305,12,62.59999847,329
625,73.80000305,12,62.79999924,326
626,73.80000305,12,62.59999847,326
627,73.80000305,12,62.59999847,328
628,73.80000305,12,62.59999847,328
629,73.80000305,13,62.59999847,327
630,73.80000305,13,62.70000076,326
631,73.80000305,12,62.59999847,328
632,73.80000305,13,62.59999847,327
633,73.80000305,12,62.59999847,329
634,73.80000305,12,62.59999847,326
635,73.80000305,13,62.70000076,328
636,73.80000305,13,62.70000076,326
637,73.80000305,13,62.70000076,328
638,73.80000305,13,62.90000153,325
639,73.80000305,12,62.79999924,326
640,73.80000305,12,62.79999924,326
641,73.80000305,13,62.79999924,327
642,73.80000305,13,62.79999924,324
643,73.80000305,13,62.79999924,327
644,73.80000305,13,62.79999924,325
645,73.80000305,13,62.70000076,325
646,73.80000305,13,62.70000076,324
647,73.80000305,13,62.70000076,328
648,73.80000305,13,62.59999847,328
649,73.80000305,13,62.79999924,322
650,73.80000305,13,62.59999847,324
651,73.80000305,13,62.59999847,324
652,73.80000305,13,62.5,326
653,73.80000305,13,62.59999847,326
654,73.80000305,13,62.5,326
655,73.80000305,13,62.5,326
656,73.80000305,13,62.70000076,324
657,73.80000305,12,62.59999847,327
658,73.80000305,12,62.59999847,326
659,73.80000305,13,62.59999847,324
660,73.80000305,13,62.59999847,327
661,73.80000305,13,62.70000076,326
662,73.80000305,13,62.70000076,323
663,73.80000305,13,62.79999924,324
664,73.80000305,13,62.79999924,326
665,73.80000305,12,62.79999924,325
666,73.80000305,13,62.79999924,324
667,73.80000305,13,62.79999924,326
668,73.80000305,12,62.79999924,326
669,73.80000305,12,62.79999924,325
670,73.80000305,13,62.79999924,326
671,73.80000305,12,62.79999924,326
672,73.80000305,12,62.70000076,327
673,73.80000305,13,62.70000076,326
674,73.80000305,12,62.70000076,325
675,73.80000305,12,62.59999847,324
676,73.80000305,13,62.59999847,326
677,73.80000305,13,62.59999847,326
678,73.80000305,13,62.59999847,325
679,73.80000305,13,62.59999847,324
680,73.80000305,13,62.5,324
681,73.80000305,13,62.59999847,324
682,73.80000305,12,62.59999847,325
683,73.80000305,12,62.59999847,322
684,73.80000305,13,62.79999924,320
685,73.80000305,13,62.59999847,323
686,73.80000305,13,62.59999847,326
687,73.80000305,13,62.70000076,322
688,73.80000305,13,62.79999924,324
689,73.80000305,12,62.79999924,321
690,73.80000305,13,62.79999924,322
691,73.80000305,13,62.79999924,325
692,73.80000305,12,62.79999924,322
693,73.80000305,12,62.70000076,323
694,73.80000305,13,62.70000076,325
695,73.80000305,13,62.90000153,321
696,73.80000305,13,62.70000076,324
697,73.80000305,13,62.70000076,323
698,73.69999695,12,62.59999847,322
699,73.69999695,13,62.59999847,324
700,73.69999695,13,62.70000076,320
701,73.69999695,13,62.59999847,325
702,73.69999695,13,62.5,323
703,73.69999695,13,62.59999847,323
704,73.69999695,13,62.5,325
705,73.69999695,28,62.5,322
706,73.69999695,49,62.5,323
707,73.69999695,49,62.29999924,324
708,73.69999695,48,62.09999847,324
709,73.69999695,49,61.79999924,324
710,73.59999847,48,61.5,321
711,73.59999847,49,61.20000076,323
712,73.59999847,48,61.0,323
713,73.59999847,48,60.70000076,320
714,73.5,49,60.40000153,320
715,73.5,48,60.20000076,320
716,73.5,49,60.20000076,319
717,73.5,49,59.79999924,322
718,73.5,49,59.5,322
719,73.40000153,49,59.40000153,323
720,73.40000153,52,59.5,321
721,73.40000153,50,62.70000076,324
722,73.30000305,52,71.09999847,319
723,73.30000305,54,81.40000153,323
724,73.19999695,53,90.40000153,322
725,73.19999695,53,98.30000305,322
726,73.19999695,53,106.09999850000001,323
727,73.19999695,54,110.90000149999999,322
728,73.19999695,53,114.8000031,320
729,73.19999695,53,117.1999969,322
730,73.19999695,54,119.1999969,320
731,73.19999695,54,121.09999850000001,323
732,73.19999695,54,123.0,322
733,73.19999695,54,124.5,318
734,73.19999695,55,125.3000031,322
735,73.19999695,55,126.3000031,321
736,73.19999695,53,127.1999969,321
737,73.19999695,53,127.90000149999999,320
738,73.19999695,52,128.3999939,322
739,73.19999695,53,128.8000031,320
740,73.19999695,53,129.1000061,321
741,73.19999695,52,129.5,321
742,73.19999695,52,129.6999969,321
743,73.19999695,52,129.8999939,323
744,73.19999695,52,130.0,323
745,73.19999695,53,130.1000061,323
746,73.19999695,52,130.1999969,321
747,73.19999695,52,130.3000031,320
748,73.19999695,52,130.3999939,319
749,73.30000305,52,130.6000061,320
750,73.30000305,52,130.6999969,319
751,73.30000305,52,130.8000031,323
752,73.30000305,53,130.6999969,324
753,73.40000153,52,130.8999939,322
754,73.40000153,52,130.8999939,323
755,73.40000153,52,131.3000031,318
756,73.40000153,52,131.0,323
757,73.5,52,131.0,323
758,73.5,52,131.0,320
759,73.5,52,131.1999969,320
760,73.59999847,52,131.3000031,322
761,73.59999847,53,131.1999969,321
762,73.59999847,52,131.3000031,320
763,73.69999695,52,131.5,323
764,73.69999695,53,131.6000061,322
765,73.69999695,52,131.8000031,321
766,73.80000305,51,132.1000061,324
767,73.80000305,51,132.6999969,318
768,73.80000305,51,132.6000061,320
769,73.80000305,51,132.6999969,322
770,73.80000305,51,132.8999939,319
771,73.80000305,51,132.8999939,322
772,73.80000305,51,132.8000031,321
773,73.80000305,52,132.6999969,321
774,73.80000305,52,132.6000061,322
775,73.80000305,52,132.6000061,321
776,73.80000305,51,132.8000031,322
777,73.80000305,51,132.8000031,320
778,73.80000305,52,132.8999939,321
779,73.80000305,51,132.8999939,322
780,73.80000305,52,133.1999969,320
781,73.80000305,51,132.8000031,320
782,73.80000305,52,132.6000061,321
783,73.80000305,51,132.6000061,320
784,73.80000305,51,132.8999939,321
785,73.80000305,52,132.6000061,322
786,73.80000305,51,132.5,323
787,73.80000305,52,132.8000031,321
788,73.80000305,51,132.5,323
789,73.90000153,51,132.6000061,323
790,73.90000153,51,132.5,322
791,73.90000153,52,132.1999969,321
792,73.90000153,52,132.0,319
793,74.0,52,131.6000061,322
794,74.0,52,131.1999969,319
795,74.0,52,130.8000031,321
796,74.09999847,52,130.6000061,322
797,74.09999847,52,130.6999969,323
798,74.09999847,52,130.8999939,323
799,74.09999847,52,131.3000031,322
800,74.19999695,51,131.8000031,321
801,74.19999695,51,132.0,320
802,74.19999695,51,132.1999969,320
803,74.19999695,52,132.0,320
804,74.19999695,52,131.6000061,319
805,74.19999695,51,131.1999969,319
806,74.19999695,51,130.8000031,321
807,74.19999695,51,130.3999939,320
808,74.19999695,51,130.1000061,322
809,74.19999695,51,130.1999969,320
810,74.19999695,52,130.6000061,320
811,74.19999695,51,130.8999939,322
812,74.09999847,52,131.3999939,322
813,74.09999847,52,131.8000031,322
814,74.09999847,51,132.1999969,323
815,74.09999847,52,132.1999969,322
816,74.09999847,52,132.3999939,321
817,74.09999847,52,131.6999969,323
818,74.09999847,52,131.5,319
819,74.09999847,51,130.5,319
820,74.09999847,51,129.8999939,322
821,74.09999847,52,129.1999969,322
822,74.09999847,52,129.0,319
823,74.09999847,52,128.1000061,321
824,74.19999695,51,127.8000031,322
825,74.19999695,51,127.6999969,323
826,74.19999695,52,127.6999969,322
827,74.19999695,51,127.6999969,324
828,74.30000305,52,127.8000031,322
829,74.30000305,52,128.1000061,323
830,74.30000305,51,128.6000061,323
831,74.30000305,53,129.0,321
832,74.40000153,52,129.6000061,321
833,74.40000153,51,130.1999969,325
834,74.40000153,51,130.6999969,325
835,74.40000153,52,131.1000061,324
836,74.5,52,131.5,324
837,74.5,52,131.8999939,323
838,74.5,51,132.3000031,324
839,74.5,51,132.8000031,323
840,74.5,52,133.1999969,321
841,74.5,52,133.1999969,325
842,74.5,51,133.3999939,324
843,74.5,51,133.3999939,321
844,74.5,52,133.1999969,323
845,74.5,51,133.1000061,324
846,74.5,51,132.8999939,325
847,74.5,51,132.6999969,324
848,74.40000153,51,132.3000031,322
849,74.40000153,51,132.0,325
850,74.40000153,51,131.6000061,325
851,74.40000153,52,131.6000061,320
852,74.40000153,52,130.8000031,325
853,74.40000153,51,130.6000061,324
854,74.40000153,51,130.6000061,325
855,74.40000153,51,130.6000061,323
856,74.40000153,52,130.8000031,321
857,74.40000153,52,131.1000061,321
858,74.40000153,51,131.0,322
859,74.40000153,52,131.3999939,324
860,74.40000153,51,131.8000031,322
861,74.40000153,52,132.1000061,326
862,74.5,52,132.3000031,324
863,74.5,52,132.5,322
864,74.5,53,132.5,325
865,74.5,52,132.3999939,322
866,74.59999847,51,132.1999969,322
867,74.59999847,51,131.8999939,322
868,74.59999847,51,131.6000061,323
869,74.59999847,51,131.3000031,323
870,74.69999695,51,130.8000031,323
871,74.69999695,51,130.3000031,322
872,74.69999695,52,129.5,323
873,74.69999695,51,128.8000031,321
874,74.69999695,51,128.3000031,324
875,74.69999695,51,127.59999850000001,322
876,74.69999695,52,126.90000149999999,324
877,74.69999695,51,126.6999969,320
878,74.69999695,51,125.59999850000001,324
879,74.69999695,51,125.09999850000001,324
880,74.69999695,52,124.6999969,322
881,74.59999847,52,123.90000149999999,322
882,74.59999847,52,123.5,323
883,74.59999847,52,123.1999969,324
884,74.59999847,51,122.8000031,322
885,74.59999847,51,122.3000031,323
886,74.59999847,52,121.59999850000001,325
887,74.5,52,121.0,321
888,74.5,52,120.40000149999999,322
889,74.5,51,120.1999969,322
890,74.5,51,119.90000149999999,322
891,74.5,52,119.59999850000001,324
892,74.5,52,119.0,324
893,74.5,51,118.3000031,325
894,74.5,52,117.6999969,325
895,74.5,52,117.0,322
896,74.5,51,116.0,323
897,74.59999847,52,114.6999969,321
898,74.59999847,52,112.40000149999999,322
899,74.59999847,51,110.3000031,320
900,74.59999847,52,107.5,323
901,74.59999847,53,103.1999969,323
902,74.69999695,52,98.59999847,322
903,74.69999695,52,93.90000153,321
904,74.69999695,52,88.59999847,324
905,74.69999695,52,84.09999847,324
906,74.69999695,52,80.30000305,324
907,74.80000305,48,77.30000305,323
908,74.80000305,34,75.80000305,319
909,74.80000305,35,74.69999695,322
910,74.80000305,35,73.80000305,321
911,74.80000305,36,73.0,322
912,74.80000305,37,72.09999847,323
913,74.80000305,37,71.40000153,324
914,74.80000305,37,70.90000153,321
915,74.69999695,37,70.19999695,323
916,74.69999695,37,69.69999695,324
917,74.69999695,37,69.30000305,322
918,74.69999695,37,68.59999847,324
919,74.59999847,37,68.30000305,326
920,74.59999847,38,67.90000153,326
921,74.59999847,37,67.5,326
922,74.59999847,37,67.19999695,324
923,74.5,37,67.0,321
924,74.5,38,66.59999847,324
925,74.5,37,66.19999695,325
926,74.5,37,66.0,325
927,74.5,37,65.80000305,322
928,74.5,37,65.40000153,325
929,74.5,38,65.09999847,322
930,74.5,37,64.80000305,324
931,74.5,37,64.5,324
932,74.5,37,64.30000305,324
933,74.5,37,64.0,325
934,74.5,37,63.79999924,325
935,74.5,38,63.5,324
936,74.5,38,63.29999924,325
937,74.5,37,63.0,326
938,74.5,37,62.90000153,325
939,74.5,37,62.79999924,323
940,74.5,37,62.5,324
941,74.40000153,38,62.40000153,325
942,74.40000153,37,62.20000076,324
943,74.40000153,37,62.20000076,326
944,74.40000153,38,62.09999847,324
945,74.40000153,37,62.0,325
946,74.30000305,37,62.09999847,323
947,74.30000305,38,61.90000153,324
948,74.30000305,37,61.90000153,324
949,74.19999695,37,62.0,324
950,74.19999695,37,61.70000076,326
951,74.19999695,37,61.90000153,323
952,74.09999847,37,61.79999924,320
953,74.09999847,38,61.70000076,324
954,74.09999847,37,61.70000076,326
955,74.09999847,38,61.59999847,326
956,74.09999847,38,61.59999847,325
957,74.09999847,37,61.5,323
958,74.09999847,38,61.5,324
959,74.09999847,37,61.5,320
960,74.0,37,61.29999924,325
961,74.0,37,61.20000076,326
962,74.0,38,61.09999847,326
963,74.0,37,61.0,324
964,74.0,37,60.90000153,321
965,74.0,37,60.90000153,324
966,74.0,38,60.79999924,322
967,74.0,38,60.70000076,324
968,74.0,38,60.59999847,323
969,74.09999847,38,60.5,322
970,74.09999847,38,60.40000153,325
971,74.09999847,38,60.40000153,321
972,74.09999847,38,60.29999924,325
973,74.0,37,60.20000076,323
974,74.0,37,60.20000076,326
975,74.0,38,60.20000076,325
976,74.0,38,60.20000076,324
977,74.0,38,60.20000076,326
978,74.0,38,60.20000076,325
979,74.0,38,60.20000076,324
980,74.0,38,60.29999924,322
981,74.0,38,60.20000076,326
982,73.90000153,38,60.20000076,327
983,73.90000153,44,60.29999924,326
984,73.90000153,48,60.20000076,326
985,73.90000153,53,60.29999924,324
986,73.90000153,54,60.09999847,325
987,73.80000305,53,60.0,324
988,73.80000305,54,59.90000153,327
989,73.80000305,53,59.90000153,325
990,73.80000305,53,59.79999924,327
991,73.69999695,53,59.70000076,324
992,73.69999695,53,59.70000076,324
993,73.69999695,53,59.59999847,325
994,73.69999695,53,59.5,325
995,73.69999695,54,59.70000076,326
996,73.69999695,53,60.0,325
997,73.59999847,53,60.5,324
998,73.59999847,53,61.5,325
999,73.59999847,53,64.0,326
1000,73.59999847,53,68.19999695,325
1001,73.59999847,53,74.5,324
1002,73.59999847,53,81.19999695,324
1003,73.59999847,54,87.19999695,325
1004,73.59999847,53,92.09999847,326
1005,73.59999847,53,95.59999847,323
1006,73.59999847,53,98.0,326
1007,73.69999695,53,99.90000153,325
1008,73.69999695,53,101.1999969,324
1009,73.69999695,53,102.0,326
1010,73.69999695,53,102.5,324
1011,73.69999695,53,103.0,326
1012,73.69999695,52,104.0999985,321
1013,73.69999695,53,104.6999969,323
1014,73.69999695,54,105.59999850000001,323
1015,73.69999695,54,106.40000149999999,325
1016,73.69999695,54,107.40000149999999,325
1017,73.69999695,53,108.1999969,324
1018,73.69999695,54,109.59999850000001,321
1019,73.69999695,54,110.59999850000001,324
1020,73.69999695,54,112.0,325
1021,73.69999695,54,113.6999969,324
1022,73.69999695,54,115.8000031,321
1023,73.69999695,53,117.3000031,326
1024,73.69999695,54,118.90000149999999,324
1025,73.69999695,53,120.40000149999999,322
1026,73.69999695,54,121.40000149999999,325
1027,73.69999695,54,122.3000031,324
1028,73.69999695,54,123.0,326
1029,73.80000305,54,123.90000149999999,325
1030,73.80000305,54,124.3000031,326
1031,73.80000305,54,124.59999850000001,325
1032,73.80000305,54,124.90000149999999,326
1033,73.90000153,53,125.40000149999999,326
1034,73.90000153,53,125.59999850000001,327
1035,73.90000153,54,125.8000031,325
1036,73.90000153,54,126.59999850000001,323
1037,74.0,53,126.6999969,325
1038,74.0,54,127.09999850000001,326
1039,74.0,54,127.3000031,325
1040,74.09999847,55,127.40000149999999,323
1041,74.09999847,53,127.5,324
1042,74.09999847,51,127.8000031,323
1043,74.09999847,51,128.0,324
1044,74.09999847,52,128.1000061,326
1045,74.19999695,52,128.1000061,323
1046,74.19999695,52,127.6999969,326
1047,74.19999695,52,127.59999850000001,323
1048,74.09999847,51,127.40000149999999,326
1049,74.09999847,51,127.40000149999999,326
1050,74.09999847,52,127.40000149999999,325
1051,74.09999847,51,127.59999850000001,323
1052,74.09999847,51,127.59999850000001,324
1053,74.09999847,52,127.59999850000001,325
1054,74.09999847,51,127.59999850000001,325
1055,74.09999847,52,127.90000149999999,324
1056,74.09999847,52,127.59999850000001,326
1057,74.09999847,52,127.8000031,324
1058,74.09999847,51,128.1999969,321
1059,74.09999847,52,127.90000149999999,325
1060,74.09999847,52,127.8000031,323
1061,74.09999847,51,127.90000149999999,325
1062,74.09999847,52,128.0,325
1063,74.19999695,52,127.90000149999999,326
1064,74.19999695,53,128.1999969,321
1065,74.19999695,51,127.90000149999999,324
1066,74.19999695,51,128.1000061,325
1067,74.19999695,52,128.3999939,322
1068,74.19999695,52,128.1999969,327
1069,74.30000305,51,128.1999969,328
1070,74.30000305,52,127.90000149999999,332
1071,74.30000305,52,127.40000149999999,333
1072,74.40000153,51,126.90000149999999,338
1073,74.40000153,53,126.0,351
1074,74.40000153,53,125.09999850000001,352
1075,74.5,52,124.40000149999999,350
1076,74.5,51,123.5,349
1077,74.5,52,122.8000031,350
1078,74.5,52,121.8000031,352
1079,74.59999847,52,120.90000149999999,352
1080,74.59999847,51,119.6999969,350
1081,74.59999847,52,118.3000031,352
1082,74.59999847,51,117.1999969,351
1083,74.59999847,51,116.3000031,351
1084,74.59999847,52,115.09999850000001,351
1085,74.59999847,52,113.59999850000001,351
1086,74.59999847,52,112.1999969,350
1087,74.59999847,51,110.8000031,348
1088,74.59999847,51,109.1999969,348
1089,74.59999847,52,107.3000031,350
1090,74.59999847,52,105.1999969,350
1091,74.5,51,101.5,349
1092,74.5,51,97.90000153,352
1093,74.40000153,52,95.09999847,354
1094,74.40000153,52,92.69999695,349
1095,74.40000153,52,90.80000305,345
1096,74.40000153,51,88.90000153,344
1097,74.40000153,52,86.69999695,340
1098,74.5,52,84.40000153,340
1099,74.5,52,81.40000153,342
1100,74.5,53,78.30000305,340
1101,74.5,53,75.5,339
1102,74.5,53,73.09999847,338
1103,74.5,52,71.09999847,338
1104,74.59999847,52,69.69999695,331
1105,74.59999847,52,68.19999695,333
1106,74.59999847,53,67.19999695,334
1107,74.59999847,53,66.40000153,331
1108,74.59999847,53,65.59999847,334
1109,74.59999847,52,64.80000305,336
1110,74.59999847,45,64.30000305,334
1111,74.59999847,35,64.30000305,334
1112,74.59999847,35,64.19999695,333
1113,74.59999847,35,64.19999695,332
1114,74.59999847,37,64.30000305,330
1115,74.59999847,37,64.0,330
1116,74.5,37,63.90000153,329
1117,74.5,36,63.70000076,330
1118,74.5,37,63.59999847,329
1119,74.5,37,63.40000153,327
1120,74.5,37,63.29999924,328
1121,74.5,37,63.09999847,329
1122,74.40000153,37,63.20000076,324
1123,74.40000153,36,63.09999847,323
1124,74.40000153,37,62.79999924,328
1125,74.40000153,37,62.59999847,327
1126,74.40000153,37,62.5,324
1127,74.40000153,37,62.40000153,328
1128,74.40000153,37,62.29999924,325
1129,74.30000305,38,62.20000076,322
1130,74.30000305,37,62.09999847,327
1131,74.30000305,37,62.0,325
1132,74.30000305,38,61.79999924,323
1133,74.30000305,37,62.0,321
1134,74.30000305,37,61.70000076,322
1135,74.30000305,38,61.70000076,324
1136,74.30000305,38,61.59999847,325
1137,74.30000305,37,61.5,322
1138,74.30000305,37,61.5,323
1139,74.30000305,37,61.5,322
1140,74.30000305,38,61.40000153,323
1141,74.30000305,38,61.29999924,323
1142,74.30000305,37,61.40000153,321
1143,74.30000305,37,61.20000076,323
1144,74.30000305,37,61.40000153,321
1145,74.30000305,37,61.09999847,323
1146,74.30000305,37,61.09999847,323
1147,74.30000305,37,61.09999847,323
1148,74.30000305,37,61.09999847,323
1149,74.30000305,37,61.0,324
1150,74.30000305,37,61.0,324
1151,74.30000305,37,61.0,323
1152,74.19999695,37,61.0,323
1153,74.19999695,37,60.90000153,325
1154,74.19999695,38,60.90000153,320
1155,74.19999695,37,60.90000153,320
1156,74.19999695,37,60.90000153,322
1157,74.19999695,38,60.79999924,325
1158,74.09999847,37,60.79999924,321
1159,74.09999847,38,60.79999924,324
1160,74.09999847,37,60.70000076,324
1161,74.09999847,37,60.70000076,323
1162,74.09999847,37,60.59999847,321
1163,74.09999847,37,60.70000076,319
1164,74.09999847,37,60.5,320
1165,74.09999847,37,60.70000076,318
1166,74.09999847,37,60.5,322
1167,74.09999847,37,60.70000076,321
1168,74.09999847,37,60.5,321
1169,74.09999847,37,60.5,323
1170,74.09999847,37,60.59999847,319
1171,74.09999847,38,60.40000153,321
1172,74.09999847,38,60.40000153,322
1173,74.09999847,37,60.40000153,319
1174,74.09999847,37,60.29999924,322
1175,74.09999847,38,60.29999924,321
1176,74.09999847,37,60.40000153,319
1177,74.09999847,37,60.29999924,322
1178,74.09999847,37,60.20000076,320
1179,74.09999847,37,60.40000153,318
1180,74.09999847,37,60.20000076,319
1181,74.09999847,38,60.29999924,318
1182,74.0,37,60.09999847,320
1183,74.0,38,60.09999847,322
1184,74.0,38,60.09999847,324
1185,74.0,38,60.20000076,318
1186,74.0,37,60.09999847,320
1187,74.0,37,60.09999847,321
1188,74.0,37,60.0,319
1189,74.0,37,60.0,322
1190,74.0,37,60.09999847,322
1191,74.0,37,60.20000076,318
1192,74.0,37,60.0,322
1193,74.0,37,60.0,321
1194,74.0,37,59.90000153,321
1195,74.0,38,59.90000153,319
1196,74.0,38,59.90000153,323
1197,73.90000153,39,59.90000153,320
1198,73.90000153,47,59.79999924,318
1199,73.90000153,43,59.70000076,321
1200,73.90000153,35,59.70000076,323
1201,74.0,36,59.90000153,323
1202,74.0,36,59.70000076,326
1203,74.0,35,59.70000076,329
1204,74.0,36,59.70000076,331
1205,74.0,35,59.70000076,331
1206,74.0,36,59.70000076,333
1207,74.0,36,59.70000076,338
1208,74.09999847,36,59.70000076,340
1209,74.09999847,36,59.70000076,339
1210,74.09999847,36,59.70000076,342
1211,74.09999847,36,59.59999847,343
1212,74.09999847,35,59.79999924,343
1213,74.09999847,36,59.70000076,344
1214,74.09999847,35,59.79999924,342
1215,74.09999847,36,59.59999847,348
1216,74.09999847,36,59.59999847,352
1217,74.09999847,36,59.59999847,350
1218,74.09999847,36,59.59999847,350
1219,74.09999847,37,59.59999847,349
1220,74.09999847,37,59.59999847,349
1221,74.09999847,37,59.59999847,347
1222,74.0,36,59.59999847,344
1223,74.0,37,59.79999924,343
1224,74.0,37,59.70000076,345
1225,74.0,37,59.79999924,343
1226,74.0,37,59.70000076,350
1227,74.0,37,59.70000076,351
1228,74.0,37,59.79999924,353
1229,74.0,37,59.79999924,353
1230,74.0,37,59.79999924,348
1231,74.0,37,59.79999924,350
1232,74.0,36,60.0,348
1233,74.0,36,59.79999924,350
1234,74.0,36,59.79999924,349
1235,74.0,37,60.09999847,346
1236,74.0,37,59.90000153,352
1237,74.09999847,37,59.90000153,353
1238,74.09999847,37,60.0,348
1239,74.09999847,36,59.90000153,352
1240,74.09999847,37,60.09999847,350
1241,74.09999847,37,60.09999847,348
1242,74.09999847,37,60.0,352
1243,74.09999847,37,60.0,354
1244,74.09999847,37,60.0,357
1245,74.09999847,36,60.0,360
1246,74.09999847,36,60.0,359
1247,74.09999847,37,60.0,358
1248,74.09999847,36,60.0,359
1249,74.0,37,60.0,356
1250,74.0,37,60.0,354
1251,74.0,37,60.0,355
1252,74.0,37,59.90000153,356
1253,74.0,37,60.0,356
1254,74.0,37,59.90000153,354
1255,74.0,37,59.90000153,350
1256,74.0,37,59.90000153,347
1257,74.0,37,60.0,350
1258,74.0,36,60.0,350
1259,74.0,37,59.90000153,352
1260,74.0,37,59.90000153,352
1261,74.0,36,59.90000153,351
1262,74.0,37,59.90000153,350
1263,74.0,37,59.90000153,353
1264,74.0,37,59.90000153,351
1265,74.0,37,59.90000153,351
1266,74.0,37,59.90000153,351
1267,74.0,37,60.09999847,349
1268,74.0,37,59.79999924,351
1269,74.0,36,59.90000153,350
1270,74.0,37,59.79999924,353
1271,74.0,37,59.79999924,356
1272,74.0,37,59.90000153,359
1273,74.0,37,59.79999924,363
1274,74.0,37,59.79999924,364
1275,74.0,37,60.0,364
1276,74.09999847,37,59.70000076,367
1277,74.09999847,37,59.79999924,369
1278,74.09999847,37,59.70000076,370
1279,74.09999847,37,59.79999924,371
1280,74.09999847,37,59.79999924,374
1281,74.09999847,37,59.79999924,373
1282,74.09999847,37,59.79999924,372
1283,74.09999847,37,60.0,370
1284,74.09999847,37,59.79999924,373
1285,74.09999847,37,60.0,368
1286,74.09999847,37,59.79999924,371
1287,74.0,36,59.79999924,371
1288,74.0,37,59.90000153,371
1289,74.0,37,60.09999847,368
1290,74.0,37,59.90000153,370
1291,74.0,37,59.90000153,373
1292,74.0,36,59.90000153,371
1293,74.0,36,59.79999924,366
1294,74.0,36,59.79999924,366
1295,74.09999847,36,59.70000076,367
1296,74.09999847,36,59.70000076,370
1297,74.09999847,36,59.79999924,368
1298,74.09999847,36,59.59999847,372
1299,74.0,36,59.59999847,383
1300,74.09999847,36,59.59999847,381
1301,74.09999847,37,59.5,379
1302,74.09999847,36,59.5,375
1303,74.09999847,36,59.5,371
1304,74.09999847,37,59.5,378
1305,74.09999847,37,59.5,385
1306,74.09999847,37,59.5,384
1307,74.09999847,37,59.59999847,382
1308,74.09999847,37,59.59999847,379
1309,74.09999847,37,59.59999847,376
1310,74.19999695,38,59.70000076,377
1311,74.19999695,37,59.90000153,372
1312,74.19999695,37,59.70000076,373
1313,74.19999695,37,59.79999924,375
1314,74.19999695,37,59.79999924,376
1315,74.19999695,37,59.79999924,373
1316,74.19999695,38,59.79999924,374
1317,74.09999847,37,60.09999847,371
1318,74.09999847,36,59.90000153,377
1319,74.09999847,37,59.90000153,375
1320,74.09999847,37,59.90000153,372
1321,74.09999847,37,59.90000153,373
1322,74.09999847,37,59.90000153,370
1323,74.09999847,37,59.90000153,374
1324,74.09999847,37,59.90000153,374
1325,74.09999847,37,59.90000153,375
1326,74.09999847,37,59.79999924,374
1327,74.09999847,37,60.09999847,380
1328,74.09999847,37,59.79999924,382
1329,74.09999847,37,59.79999924,380
1330,74.09999847,37,60.0,375
1331,74.19999695,37,59.79999924,378
1332,74.19999695,38,59.79999924,376
1333,74.19999695,38,59.79999924,376
1334,74.19999695,37,59.79999924,378
1335,74.19999695,37,59.79999924,379
1336,74.19999695,38,59.79999924,377
1337,74.19999695,37,59.90000153,383
1338,74.19999695,37,59.79999924,385
1339,74.19999695,37,59.90000153,386
1340,74.19999695,37,59.79999924,384
1341,74.19999695,37,59.90000153,387
1342,74.30000305,37,59.79999924,388
1343,74.30000305,37,59.79999924,391
1344,74.30000305,37,59.90000153,387
1345,74.30000305,36,59.79999924,393
1346,74.30000305,37,59.79999924,391
1347,74.30000305,37,59.90000153,387
1348,74.30000305,37,59.79999924,390
1349,74.30000305,37,59.90000153,388
1350,74.30000305,37,59.70000076,386
1351,74.30000305,38,59.70000076,387
1352,74.30000305,38,59.70000076,388
1353,74.30000305,37,59.59999847,390
1354,74.30000305,38,59.59999847,389
1355,74.30000305,38,59.59999847,392
1356,74.30000305,38,59.5,391
1357,74.19999695,38,59.5,386
1358,74.19999695,38,59.40000153,389
1359,74.19999695,37,59.40000153,390
1360,74.19999695,38,59.40000153,391
1361,74.19999695,38,59.40000153,386
1362,74.19999695,36,59.29999924,383
1363,74.19999695,36,59.20000076,386
1364,74.19999695,36,59.29999924,388
1365,74.19999695,36,59.29999924,385
1366,74.19999695,37,59.29999924,388
1367,74.19999695,37,59.40000153,390
1368,74.19999695,36,59.40000153,389
1369,74.19999695,37,59.5,389
1370,74.30000305,38,59.40000153,389
1371,74.30000305,38,59.5,389
1372,74.30000305,37,59.70000076,389
1373,74.30000305,37,59.5,394
1374,74.30000305,38,59.59999847,397
1375,74.30000305,38,59.59999847,396
1376,74.30000305,37,59.59999847,393
1377,74.30000305,37,59.59999847,391
1378,74.30000305,37,59.79999924,388
1379,74.30000305,37,59.59999847,391
1380,74.30000305,37,59.59999847,392
1381,74.30000305,37,59.70000076,389
1382,74.30000305,37,59.70000076,390
1383,74.19999695,37,59.70000076,393
1384,74.19999695,37,59.70000076,393
1385,74.19999695,37,59.79999924,393
1386,74.19999695,37,59.70000076,395
1387,74.19999695,37,59.79999924,391
1388,74.19999695,37,59.70000076,395
1389,74.19999695,37,59.70000076,395
1390,74.19999695,37,59.70000076,397
1391,74.19999695,37,59.70000076,396
1392,74.19999695,37,59.70000076,397
1393,74.19999695,37,59.70000076,399
1394,74.19999695,37,59.70000076,399
1395,74.19999695,37,59.59999847,398
1396,74.19999695,37,59.79999924,395
1397,74.19999695,37,59.90000153,396
1398,74.19999695,37,59.70000076,400
1399,74.19999695,37,59.70000076,401
1400,74.19999695,37,59.70000076,398
1401,74.19999695,36,59.79999924,400
1402,74.19999695,36,59.79999924,400
1403,74.30000305,37,59.79999924,399
1404,74.30000305,37,59.90000153,403
1405,74.30000305,37,59.90000153,402
1406,74.30000305,36,59.90000153,401
1407,74.30000305,37,59.90000153,403
1408,74.30000305,36,60.20000076,400
1409,74.30000305,36,60.0,404
1410,74.30000305,36,60.0,401
1411,74.30000305,37,60.0,397
1412,74.30000305,37,60.0,399
1413,74.30000305,37,60.0,399
1414,74.30000305,37,60.09999847,399
1415,74.30000305,37,59.90000153,400
1416,74.30000305,36,59.90000153,399
1417,74.19999695,36,59.79999924,399
1418,74.19999695,36,59.79999924,398
1419,74.19999695,36,59.79999924,400
1420,74.19999695,36,59.70000076,398
1421,74.19999695,36,59.70000076,398
1422,74.19999695,36,59.79999924,398
1423,74.19999695,37,59.59999847,398
1424,74.19999695,37,59.59999847,395
1425,74.19999695,36,59.59999847,393
1426,74.19999695,37,59.5,393
1427,74.19999695,37,59.59999847,387
1428,74.19999695,36,59.40000153,388
1429,74.19999695,37,59.5,387
1430,74.19999695,37,59.40000153,386
1431,74.30000305,37,59.40000153,386
1432,74.19999695,38,59.5,385
1433,74.19999695,38,59.5,383
1434,74.19999695,38,59.5,381
1435,74.19999695,38,59.5,383
1436,74.19999695,37,59.59999847,379
1437,74.19999695,37,59.59999847,383
1438,74.19999695,37,59.59999847,381
1439,74.19999695,37,59.70000076,381
1440,74.19999695,37,59.70000076,380
1441,74.19999695,38,59.70000076,379
1442,74.09999847,38,59.90000153,374
1443,74.19999695,37,59.79999924,375
1444,74.09999847,37,59.79999924,375
1445,74.09999847,37,59.90000153,372
1446,74.09999847,37,60.0,372
1447,74.09999847,37,59.79999924,376
1448,74.09999847,37,59.79999924,376
1449,74.09999847,38,59.79999924,376
1450,74.09999847,38,60.0,370
1451,74.09999847,37,59.79999924,374
1452,74.09999847,38,59.79999924,375
1453,74.09999847,37,59.79999924,373
1454,74.09999847,38,59.90000153,372
1455,74.09999847,37,59.79999924,373
1456,74.09999847,37,59.79999924,371
1457,74.09999847,37,59.79999924,373
1458,74.09999847,37,59.79999924,373
1459,74.09999847,37,59.70000076,371
1460,74.09999847,37,59.70000076,374
1461,74.09999847,37,59.70000076,373
1462,74.09999847,37,59.59999847,373
1463,74.09999847,37,59.59999847,376
1464,74.09999847,37,59.5,374
1465,74.09999847,37,59.5,374
1466,74.09999847,37,59.59999847,372
1467,74.09999847,36,59.40000153,377
1468,74.09999847,36,59.40000153,378
1469,74.09999847,37,59.40000153,379
1470,74.09999847,37,59.29999924,375
1471,74.09999847,37,59.5,378
1472,74.09999847,37,59.5,377
1473,74.09999847,37,59.59999847,378
1474,74.09999847,36,59.40000153,383
1475,74.09999847,36,59.5,385
1476,74.09999847,37,59.70000076,381
1477,74.09999847,37,59.70000076,383
1478,74.09999847,37,59.59999847,387
1479,74.09999847,37,59.79999924,384
1480,74.09999847,37,59.59999847,386
1481,74.09999847,38,59.70000076,387
1482,74.09999847,38,59.90000153,385
1483,74.09999847,36,59.79999924,389
1484,74.09999847,38,59.79999924,387
1485,74.09999847,38,59.90000153,391
1486,74.09999847,37,60.0,389
1487,74.09999847,37,59.90000153,392
1488,74.09999847,37,59.90000153,393
1489,74.09999847,37,60.0,395
1490,74.19999695,37,60.0,396
1491,74.19999695,38,59.90000153,393
1492,74.19999695,38,59.90000153,400
1493,74.19999695,37,59.79999924,405
1494,74.19999695,37,59.79999924,402
1495,74.19999695,37,59.79999924,402
1496,74.19999695,37,59.70000076,402
1497,74.19999695,37,59.70000076,404
1498,74.30000305,37,59.70000076,402
1499,74.30000305,37,59.70000076,399
1500,74.19999695,37,59.59999847,400
1501,74.19999695,37,59.5,400
1502,74.19999695,37,59.5,402
1503,74.19999695,36,59.40000153,401
1504,74.19999695,36,59.40000153,396
1505,74.19999695,37,59.40000153,394
1506,74.19999695,37,59.29999924,399
1507,74.19999695,37,59.29999924,400
1508,74.19999695,36,59.29999924,399
1509,74.19999695,37,59.40000153,395
1510,74.19999695,37,59.40000153,393
1511,74.19999695,37,59.40000153,393
1512,74.19999695,37,59.40000153,393
1513,74.19999695,37,59.5,394
1514,74.19999695,37,59.40000153,396
1515,74.19999695,37,59.40000153,391
1516,74.19999695,36,59.5,390
1517,74.19999695,37,59.5,388
1518,74.30000305,37,59.5,387
1519,74.30000305,36,59.40000153,390
1520,74.30000305,36,59.5,395
1521,74.30000305,37,59.59999847,395
1522,74.30000305,37,59.5,395
1523,74.30000305,37,59.5,396
1524,74.30000305,37,59.5,397
1525,74.30000305,37,59.59999847,397
1526,74.30000305,37,59.59999847,394
1527,74.30000305,37,59.59999847,394
1528,74.30000305,37,59.59999847,393
1529,74.30000305,36,59.59999847,392
1530,74.30000305,37,59.59999847,390
1531,74.30000305,37,59.59999847,385
1532,74.30000305,37,59.79999924,382
1533,74.19999695,36,59.59999847,384
1534,74.19999695,37,59.70000076,382
1535,74.19999695,37,59.70000076,381
1536,74.19999695,37,59.90000153,378
1537,74.19999695,37,59.70000076,377
1538,74.19999695,37,59.70000076,377
1539,74.19999695,37,59.70000076,375
1540,74.19999695,37,59.70000076,373
1541,74.19999695,36,59.70000076,371
1542,74.19999695,37,59.70000076,369
1543,74.19999695,37,59.70000076,368
1544,74.09999847,37,59.70000076,368
1545,74.09999847,37,59.70000076,369
1546,74.09999847,37,59.70000076,367
1547,74.09999847,36,59.70000076,368
1548,74.09999847,36,59.90000153,366
1549,74.09999847,36,59.70000076,370
1550,74.09999847,36,59.70000076,366
1551,74.09999847,37,59.70000076,369
1552,74.19999695,36,59.59999847,368
1553,74.19999695,37,59.70000076,369
1554,74.19999695,36,59.59999847,369
1555,74.19999695,36,59.59999847,369
1556,74.19999695,36,59.59999847,370
1557,74.19999695,37,59.70000076,367
1558,74.19999695,36,59.59999847,368
1559,74.19999695,36,59.59999847,363
1560,74.19999695,36,59.59999847,364
1561,74.19999695,36,59.5,362
1562,74.19999695,36,59.5,361
1563,74.19999695,36,59.5,362
1564,74.19999695,37,59.59999847,361
1565,74.09999847,37,59.5,364
1566,74.09999847,36,59.5,364
1567,74.09999847,36,59.5,364
1568,74.09999847,37,59.5,363
1569,74.09999847,37,59.5,362
1570,74.09999847,36,59.59999847,357
1571,74.09999847,36,59.59999847,354
1572,74.09999847,36,59.59999847,354
1573,74.09999847,37,59.59999847,354
1574,74.09999847,37,59.59999847,355
1575,74.09999847,36,59.70000076,354
1576,74.09999847,37,59.90000153,351
1577,74.09999847,36,59.70000076,355
1578,74.09999847,37,59.79999924,354
1579,74.09999847,37,59.79999924,351
1580,74.09999847,37,59.90000153,353
1581,74.09999847,36,59.90000153,351
1582,74.09999847,37,60.0,352
1583,74.09999847,37,60.0,350
1584,74.09999847,37,60.0,352
1585,74.09999847,37,60.0,351
1586,74.09999847,37,60.0,354
1587,74.09999847,37,60.0,353
1588,74.09999847,37,60.0,353
1589,74.09999847,37,59.90000153,356
1590,74.09999847,37,59.90000153,358
1591,74.09999847,37,59.90000153,359
1592,74.09999847,37,59.79999924,361
1593,74.09999847,37,59.79999924,361
1594,74.09999847,37,59.70000076,360
1595,74.09999847,36,59.70000076,361
1596,74.09999847,37,59.59999847,361
1597,74.09999847,37,59.70000076,356
1598,74.09999847,37,59.5,359
1599,74.09999847,37,59.40000153,358
1600,74.09999847,37,59.40000153,358
1601,74.09999847,37,59.40000153,356
1602,74.09999847,37,59.40000153,357
1603,74.09999847,37,59.40000153,356
1604,74.09999847,38,59.40000153,356
1605,74.09999847,38,59.40000153,357
1606,74.09999847,37,59.59999847,354
1607,74.0,37,59.40000153,357
1608,74.0,37,59.70000076,355
1609,74.0,37,59.5,357
1610,74.0,38,59.5,356
1611,74.0,37,59.5,357
1612,74.0,37,59.5,355
1613,74.0,37,59.59999847,357
1614,74.09999847,37,59.5,357
1615,74.09999847,37,59.5,359
1616,74.09999847,37,59.5,355
1617,74.09999847,37,59.5,356
1618,74.09999847,37,59.5,356
1619,74.09999847,37,59.5,359
1620,74.09999847,36,59.5,357
1621,74.09999847,37,59.5,357
1622,74.09999847,38,59.5,356
1623,74.09999847,37,59.59999847,357
1624,74.09999847,37,59.59999847,358
1625,74.09999847,37,59.59999847,357
1626,74.09999847,37,59.59999847,359
1627,74.09999847,37,59.59999847,356
1628,74.09999847,37,59.59999847,358
1629,74.09999847,38,59.70000076,358
1630,74.09999847,38,59.70000076,357
1631,74.09999847,37,59.70000076,358
1632,74.09999847,37,59.79999924,354
1633,74.09999847,37,59.70000076,357
1634,74.09999847,37,59.79999924,359
1635,74.09999847,37,59.70000076,358
1636,74.0,37,59.70000076,355
1637,73.90000153,37,59.79999924,357
1638,73.69999695,37,59.79999924,358
1639,73.59999847,37,59.79999924,358
1640,73.5,36,59.79999924,360
1641,73.40000153,36,59.90000153,361
1642,73.30000305,37,59.90000153,359
1643,73.19999695,37,59.90000153,358
1644,73.09999847,37,59.90000153,361
1645,73.09999847,37,59.90000153,365
1646,73.19999695,37,59.90000153,362
1647,73.19999695,37,60.0,356
1648,73.30000305,37,60.0,356
1649,73.30000305,37,59.79999924,355
1650,73.40000153,37,59.79999924,355
1651,73.5,37,59.79999924,356
1652,73.5,37,59.79999924,356
1653,73.59999847,37,59.70000076,356
1654,73.59999847,37,59.70000076,359
1655,73.69999695,37,59.59999847,360
1656,73.69999695,37,59.59999847,359
1657,73.69999695,38,59.59999847,358
1658,73.69999695,37,59.5,360
1659,73.80000305,37,59.5,360
1660,73.80000305,37,59.5,359
1661,73.80000305,37,59.40000153,358
1662,73.80000305,37,59.40000153,358
1663,73.80000305,37,59.40000153,358
1664,73.80000305,37,59.29999924,358
1665,73.80000305,37,59.29999924,357
1666,73.80000305,37,59.29999924,359
1667,73.90000153,37,59.29999924,358
1668,73.90000153,37,59.29999924,358
1669,73.80000305,38,59.29999924,358
1670,73.80000305,38,59.40000153,357
1671,73.80000305,37,59.40000153,358
1672,73.80000305,37,59.5,357
1673,73.80000305,37,59.5,357
1674,73.90000153,38,59.5,357
1675,73.90000153,38,59.59999847,357
1676,73.90000153,38,59.59999847,356
1677,73.90000153,37,59.59999847,355
1678,73.90000153,37,59.59999847,357
1679,73.90000153,37,59.70000076,357
1680,73.90000153,37,59.70000076,358
1681,73.90000153,37,59.79999924,356
1682,73.90000153,38,59.79999924,357
1683,73.90000153,37,59.79999924,356
1684,73.90000153,37,59.79999924,357
1685,73.90000153,37,59.79999924,358
1686,73.90000153,37,59.90000153,360
1687,74.0,37,59.90000153,359
1688,74.0,36,59.79999924,362
1689,74.0,36,59.79999924,365
1690,74.0,37,59.79999924,367
1691,74.0,37,59.79999924,371
1692,74.0,37,59.79999924,372
1693,74.0,36,59.70000076,378
1694,74.0,36,59.70000076,384
1695,74.0,36,59.59999847,389
1696,74.0,36,59.59999847,391
1697,74.0,36,59.59999847,389
1698,74.0,37,59.59999847,394
1699,74.0,36,59.59999847,398
1700,74.0,35,59.5,400
1701,74.0,36,59.59999847,404
1702,74.0,36,59.5,409
1703,74.0,36,59.5,412
1704,74.0,36,59.5,413
1705,74.0,36,59.5,413
1706,74.0,37,59.5,413
1707,74.0,36,59.5,412
1708,74.0,37,59.59999847,421
1709,74.0,37,59.59999847,426
1710,74.0,37,59.59999847,425
1711,74.0,36,59.59999847,431
1712,74.0,36,59.70000076,435
1713,74.0,36,59.70000076,434
1714,74.0,37,59.70000076,436
1715,74.09999847,37,59.79999924,439
1716,74.09999847,37,59.79999924,441
1717,74.09999847,37,59.79999924,439
1718,74.09999847,37,59.79999924,444
1719,74.09999847,37,59.79999924,447
1720,74.09999847,36,59.79999924,447
1721,74.09999847,37,59.79999924,446
1722,74.09999847,37,59.79999924,447
1723,74.09999847,37,59.79999924,447
1724,74.09999847,37,59.79999924,444
1725,74.09999847,36,59.79999924,441
1726,74.09999847,36,59.79999924,444
1727,74.09999847,37,59.79999924,444
1728,74.09999847,37,59.79999924,444
1729,74.09999847,38,59.79999924,444
1730,74.09999847,37,59.79999924,443
1731,74.09999847,37,59.79999924,444
1732,74.09999847,38,59.79999924,444
1733,74.09999847,37,59.79999924,444
1734,74.09999847,37,59.79999924,457
1735,74.09999847,37,59.79999924,457
1736,74.19999695,37,59.70000076,455
1737,74.19999695,37,59.79999924,456
1738,74.19999695,37,59.70000076,459
1739,74.19999695,37,59.70000076,464
1740,74.19999695,38,59.70000076,464
1741,74.19999695,37,59.79999924,463
1742,74.30000305,38,59.70000076,469
1743,74.30000305,43,59.59999847,476
1744,74.30000305,43,59.5,476
1745,74.30000305,43,59.70000076,476
1746,74.30000305,51,59.59999847,479
1747,74.30000305,57,59.29999924,484
1748,74.30000305,56,59.09999847,486
1749,74.30000305,56,59.09999847,484
1750,74.30000305,57,59.09999847,478
1751,74.30000305,57,59.0,483
1752,74.30000305,62,59.0,482
1753,74.30000305,63,58.90000153,477
1754,74.30000305,63,58.90000153,476
1755,74.30000305,64,58.90000153,473
1756,74.30000305,64,58.79999924,473
1757,74.30000305,63,58.90000153,470
1758,74.30000305,73,58.70000076,509
1759,74.19999695,73,58.70000076,509
1760,74.19999695,74,58.40000153,489
1761,74.19999695,73,58.29999924,481
1762,74.19999695,74,58.29999924,474
1763,74.19999695,74,58.29999924,473
1764,74.19999695,74,58.0,479
1765,74.09999847,74,57.90000153,475
1766,74.09999847,74,57.90000153,482
1767,74.0,74,58.0,480
1768,74.0,75,57.79999924,479
1769,74.0,74,57.70000076,478
1770,74.0,74,57.79999924,477
1771,74.0,74,57.59999847,478
1772,74.0,74,57.5,480
1773,74.0,73,57.59999847,477
1774,74.0,75,57.40000153,480
1775,74.0,74,57.5,480
1776,74.0,75,57.5,479
1777,74.0,74,57.59999847,485
1778,74.0,74,57.59999847,488
1779,74.0,74,57.70000076,491
1780,74.0,74,57.79999924,491
1781,74.0,74,57.79999924,490
1782,74.0,73,57.90000153,499
1783,74.0,74,57.90000153,503
1784,74.0,73,57.90000153,502
1785,74.0,74,57.90000153,500
1786,74.0,74,58.0,497
1787,74.0,74,57.90000153,504
1788,74.0,73,57.79999924,508
1789,74.0,74,57.79999924,516
1790,74.09999847,74,57.70000076,510
1791,74.09999847,73,57.70000076,509
1792,74.09999847,87,57.59999847,520
1793,74.09999847,86,57.5,525
1794,74.09999847,85,57.59999847,518
1795,74.09999847,86,57.70000076,513
1796,74.09999847,87,57.59999847,509
1797,74.09999847,86,57.5,510
1798,74.0,93,57.5,507
1799,74.0,94,57.59999847,503
1800,74.0,94,57.70000076,496
1801,74.0,93,57.79999924,492
1802,74.0,94,57.90000153,491
1803,74.0,94,57.90000153,486
1804,73.90000153,94,58.09999847,483
1805,73.90000153,93,57.90000153,484
1806,73.90000153,94,58.0,480
1807,73.90000153,94,58.09999847,475
1808,73.90000153,93,58.20000076,470
1809,73.90000153,92,58.20000076,472
1810,73.90000153,93,58.20000076,469
1811,73.80000305,90,58.29999924,470
1812,73.90000153,86,58.20000076,472
1813,73.90000153,86,58.20000076,472
1814,73.90000153,87,58.20000076,475
1815,73.90000153,86,58.20000076,486
1816,73.90000153,85,58.09999847,482
1817,73.90000153,85,58.09999847,467
1818,73.90000153,85,58.0,461
1819,73.90000153,85,57.90000153,448
1820,74.0,84,57.90000153,452
1821,74.0,85,57.90000153,475
1822,74.0,87,57.90000153,486
1823,74.0,87,57.90000153,485
1824,74.0,87,57.90000153,480
1825,74.0,87,58.09999847,473
1826,74.0,86,57.90000153,477
1827,74.0,86,58.0,482
1828,73.90000153,86,57.90000153,483
1829,73.90000153,85,57.90000153,475
1830,73.90000153,85,57.90000153,445
1831,73.90000153,86,58.0,434
1832,73.90000153,86,57.90000153,436
1833,73.90000153,85,57.79999924,449
1834,73.90000153,85,57.70000076,451
1835,73.90000153,86,57.70000076,447
1836,73.90000153,86,57.59999847,448
1837,73.90000153,84,57.59999847,446
1838,73.90000153,84,57.59999847,448
1839,73.90000153,84,57.59999847,450
1840,73.90000153,84,57.59999847,450
1841,73.90000153,85,57.59999847,453
1842,73.90000153,84,57.79999924,448
1843,73.90000153,85,57.59999847,449
1844,73.90000153,85,57.59999847,447
1845,73.90000153,84,57.59999847,440
1846,73.90000153,85,57.59999847,437
1847,73.90000153,85,57.70000076,431
1848,73.90000153,85,57.70000076,428
1849,73.90000153,85,57.5,431
1850,73.90000153,85,57.40000153,430
1851,73.80000305,84,57.5,430
1852,73.80000305,84,57.59999847,428
1853,73.80000305,85,57.29999924,430
1854,73.80000305,85,57.29999924,432
1855,73.80000305,85,57.5,431
1856,73.80000305,85,57.29999924,433
1857,73.80000305,85,57.29999924,428
1858,73.80000305,85,57.29999924,429
1859,73.80000305,84,57.29999924,429
1860,73.80000305,86,57.29999924,426
1861,73.80000305,86,57.29999924,427
1862,73.80000305,86,57.40000153,425
1863,73.80000305,86,57.29999924,423
1864,73.69999695,85,57.29999924,422
1865,73.69999695,85,57.40000153,417
1866,73.69999695,86,57.40000153,407
1867,73.69999695,86,57.5,406
1868,73.69999695,81,57.5,415
1869,73.69999695,75,57.59999847,413
1870,73.69999695,74,57.59999847,413
1871,73.80000305,74,57.70000076,414
1872,73.80000305,74,57.70000076,412
1873,73.80000305,75,57.79999924,409
1874,73.80000305,74,57.79999924,419
1875,73.80000305,74,57.79999924,425
1876,73.80000305,74,57.79999924,427
1877,73.90000153,73,57.79999924,422
1878,73.90000153,74,57.79999924,417
1879,73.90000153,74,57.90000153,409
1880,73.90000153,74,57.70000076,408
1881,73.90000153,74,57.79999924,406
1882,73.90000153,73,57.70000076,418
1883,74.0,74,57.70000076,433
1884,74.0,74,57.70000076,444
1885,74.0,74,57.70000076,445
1886,74.0,75,57.70000076,434
1887,74.0,74,57.70000076,420
1888,74.0,73,57.70000076,411
1889,74.0,73,57.70000076,407
1890,74.0,72,57.79999924,419
1891,74.0,72,57.70000076,438
1892,74.0,72,57.79999924,445
1893,74.0,72,57.79999924,438
1894,74.0,72,57.90000153,428
1895,74.0,72,57.90000153,417
1896,74.0,72,57.90000153,409
1897,74.0,73,58.09999847,405
1898,74.0,72,58.20000076,412
1899,73.90000153,72,58.20000076,414
1900,73.90000153,73,58.29999924,420
1901,73.90000153,73,58.40000153,419
1902,74.0,73,58.40000153,411
1903,74.0,73,58.5,407
1904,74.0,73,58.5,405
1905,74.0,72,58.5,403
1906,74.0,73,58.5,403
1907,74.0,73,58.5,407
1908,74.0,73,58.29999924,419
1909,74.0,73,58.09999847,427
1910,74.0,73,58.0,438
1911,74.0,73,57.90000153,444
1912,74.09999847,73,57.79999924,450
1913,74.09999847,77,57.70000076,448
1914,74.0,81,57.5,436
1915,73.69999695,82,57.40000153,405
1916,73.40000153,77,57.40000153,379
1917,73.19999695,68,57.5,372
1918,72.90000153,43,57.59999847,379
1919,72.69999695,37,57.79999924,375
1920,72.40000153,37,57.90000153,360
1921,72.19999695,37,58.20000076,359
1922,72.0,37,58.20000076,354
1923,71.90000153,36,58.40000153,354
1924,71.80000305,37,58.5,354
1925,71.69999695,37,58.59999847,357
1926,71.80000305,37,58.70000076,371
1927,71.80000305,37,58.90000153,365
1928,72.0,36,59.0,364
1929,72.09999847,36,59.0,361
1930,72.30000305,36,59.09999847,362
1931,72.5,37,59.20000076,363
1932,72.59999847,37,59.20000076,365
1933,72.80000305,37,59.29999924,369
1934,72.90000153,37,59.40000153,367
1935,73.0,38,59.40000153,372
1936,73.19999695,38,59.5,371
1937,73.30000305,37,59.5,373
1938,73.40000153,37,59.5,374
1939,73.40000153,37,59.59999847,376
1940,73.5,37,59.79999924,374
1941,73.5,37,59.59999847,373
1942,73.59999847,38,59.59999847,377
1943,73.59999847,38,59.59999847,374
1944,73.59999847,38,59.70000076,372
1945,73.69999695,38,59.70000076,368
1946,73.69999695,38,59.5,366
1947,73.59999847,37,59.5,366
1948,73.59999847,38,59.40000153,369
1949,73.0,37,59.20000076,378
1950,72.90000153,37,59.20000076,380
1951,72.90000153,37,59.20000076,379
1952,72.90000153,37,59.40000153,380
1953,72.90000153,37,59.29999924,382
1954,72.80000305,37,59.29999924,379
1955,72.80000305,37,59.29999924,374
1956,72.80000305,37,59.40000153,369
1957,72.69999695,36,59.40000153,371
1958,72.69999695,36,59.40000153,378
1959,72.69999695,36,59.5,374
1960,72.69999695,36,59.40000153,376
1961,72.69999695,36,59.5,379
1962,72.69999695,36,59.5,376
1963,72.69999695,36,59.5,375
1964,72.69999695,36,59.59999847,378
1965,72.69999695,36,59.5,375
1966,72.69999695,36,59.59999847,377
1967,72.59999847,37,59.59999847,372
1968,72.59999847,37,59.79999924,370
1969,72.59999847,37,59.70000076,372
1970,72.59999847,37,59.59999847,374
1971,72.59999847,36,59.59999847,376
1972,72.59999847,36,59.70000076,372
1973,72.5,36,59.70000076,374
1974,72.40000153,36,59.70000076,381
1975,72.30000305,35,59.70000076,387
1976,72.09999847,36,59.79999924,411
1977,72.0,36,59.79999924,407
1978,71.90000153,36,59.90000153,402
1979,71.80000305,37,60.0,397
1980,71.90000153,37,59.79999924,403
1981,72.0,37,59.79999924,391
1982,72.09999847,37,59.79999924,385
1983,72.30000305,36,59.79999924,376
1984,72.40000153,36,59.90000153,372
1985,72.5,37,59.79999924,369
1986,72.59999847,37,59.90000153,367
1987,72.69999695,37,60.09999847,364
1988,72.80000305,37,59.90000153,367
1989,72.90000153,37,59.90000153,368
1990,73.0,37,59.79999924,366
1991,73.09999847,36,59.79999924,369
1992,73.19999695,37,59.79999924,370
1993,73.30000305,37,59.79999924,370
1994,73.30000305,36,59.79999924,369
1995,73.40000153,36,59.79999924,372
1996,73.40000153,37,59.79999924,372
1997,73.5,37,59.70000076,381
1998,73.5,37,59.79999924,380
1999,73.59999847,37,59.79999924,376
2000,73.59999847,37,59.70000076,369
2001,73.59999847,37,59.70000076,370
2002,73.69999695,37,59.79999924,369
2003,73.69999695,37,59.90000153,365
2004,73.69999695,37,59.70000076,369
2005,73.80000305,37,59.70000076,370
2006,73.80000305,37,59.79999924,372
2007,73.80000305,38,59.70000076,374
2008,73.80000305,37,59.70000076,377
2009,73.80000305,38,59.79999924,372
2010,73.80000305,37,59.70000076,373
2011,73.80000305,37,59.70000076,373
2012,73.69999695,37,59.70000076,371
2013,73.59999847,37,59.79999924,370
2014,73.59999847,37,59.79999924,374
2015,73.69999695,37,59.79999924,374
2016,73.69999695,38,59.59999847,372
2017,73.69999695,37,59.59999847,371
2018,73.69999695,37,59.5,374
2019,73.69999695,37,59.59999847,371
2020,73.69999695,37,59.59999847,371
2021,73.69999695,37,59.5,369
2022,73.69999695,38,59.5,367
2023,73.80000305,37,59.70000076,364
2024,73.80000305,37,59.5,366
2025,73.80000305,37,59.59999847,366
2026,73.80000305,36,59.5,366
2027,73.80000305,37,59.59999847,369
2028,73.80000305,37,59.5,367
2029,73.80000305,36,59.5,367
2030,73.90000153,37,59.59999847,367
2031,73.90000153,37,59.79999924,367
2032,73.90000153,36,59.70000076,365
2033,73.90000153,36,59.70000076,368
2034,73.90000153,36,59.79999924,370
2035,73.90000153,37,59.79999924,367
2036,74.0,36,59.79999924,371
2037,74.0,36,59.79999924,371
2038,74.0,36,59.79999924,370
2039,74.0,36,59.79999924,372
2040,74.0,36,59.70000076,372
2041,74.0,37,59.70000076,373
2042,74.0,37,59.70000076,373
2043,74.0,36,59.59999847,373
2044,74.0,36,59.5,372
2045,74.0,37,59.5,372
2046,74.0,37,59.5,372
2047,73.90000153,37,59.40000153,372
2048,73.90000153,37,59.40000153,369
2049,73.90000153,38,59.29999924,371
2050,73.90000153,37,59.40000153,366
2051,73.90000153,37,59.20000076,368
2052,73.90000153,37,59.40000153,365
2053,73.90000153,38,59.20000076,367
2054,73.90000153,37,59.20000076,365
2055,73.90000153,37,59.20000076,365
2056,73.90000153,37,59.20000076,366
2057,73.90000153,37,59.29999924,366
2058,73.90000153,37,59.29999924,365
2059,73.90000153,37,59.5,361
2060,73.90000153,37,59.29999924,365
2061,73.90000153,37,59.40000153,365
2062,73.90000153,36,59.40000153,364
2063,73.90000153,37,59.5,363
2064,74.0,37,59.40000153,363
2065,74.0,37,59.40000153,362
2066,74.0,37,59.5,360
2067,74.0,37,59.40000153,361
2068,74.0,37,59.59999847,358
2069,74.0,37,59.5,361
2070,74.0,37,59.5,361
2071,74.0,38,59.5,364
2072,74.0,38,59.59999847,361
2073,74.0,38,59.5,363
2074,74.0,37,59.5,366
2075,74.0,37,59.5,364
2076,74.0,38,59.5,362
2077,74.0,37,59.5,362
2078,74.0,38,59.59999847,362
2079,74.0,38,59.59999847,363
2080,74.0,37,59.59999847,363
2081,74.0,37,59.59999847,363
2082,74.0,37,59.59999847,365
2083,74.0,37,59.59999847,362
2084,74.0,37,59.79999924,360
2085,74.0,37,59.59999847,365
2086,73.90000153,37,59.59999847,362
2087,73.90000153,36,59.70000076,362
2088,73.90000153,37,59.70000076,364
2089,73.90000153,37,59.70000076,364
2090,73.90000153,37,59.90000153,360
2091,73.90000153,37,59.70000076,363
2092,73.90000153,37,59.79999924,363
2093,73.90000153,37,59.79999924,361
2094,73.90000153,37,59.79999924,361
2095,73.90000153,36,59.79999924,360
2096,73.90000153,36,59.79999924,362
2097,74.0,36,59.90000153,362
2098,74.0,36,60.0,359
2099,74.0,36,59.90000153,362
2100,74.0,36,60.09999847,359
2101,74.0,37,59.90000153,362
2102,74.0,36,59.90000153,360
2103,74.0,36,59.90000153,361
2104,74.0,36,59.90000153,359
2105,74.0,37,59.90000153,359
2106,74.0,37,59.90000153,361
2107,74.0,36,59.90000153,357
2108,74.0,36,59.90000153,360
2109,74.0,36,59.90000153,358
2110,74.0,36,60.09999847,356
2111,74.0,36,59.90000153,362
2112,74.0,36,59.90000153,363
2113,74.0,36,59.90000153,362
2114,74.0,36,59.79999924,362
2115,74.0,36,59.79999924,362
2116,74.0,36,59.79999924,362
2117,74.0,37,59.90000153,360
2118,74.0,36,59.79999924,356
2119,74.0,37,59.70000076,357
2120,74.0,37,59.59999847,358
2121,74.0,37,59.5,358
2122,74.0,36,59.5,360
2123,74.0,37,59.40000153,361
2124,74.0,37,59.40000153,359
2125,74.0,37,59.29999924,360
2126,74.0,37,59.20000076,359
2127,74.0,37,59.29999924,357
2128,74.0,36,59.5,359
2129,74.0,37,59.20000076,361
2130,74.0,36,59.20000076,362
2131,74.0,37,59.5,358
2132,74.09999847,36,59.29999924,358
2133,74.09999847,36,59.40000153,360
2134,74.09999847,36,59.40000153,357
2135,74.09999847,37,59.40000153,361
2136,74.09999847,36,59.5,361
2137,74.09999847,36,59.5,362
2138,74.09999847,36,59.5,364
2139,74.09999847,38,59.5,360
2140,74.09999847,42,59.5,361
2141,74.09999847,42,59.70000076,360
2142,74.09999847,43,59.5,362
2143,74.09999847,43,59.40000153,360
2144,74.09999847,43,59.40000153,358
2145,74.09999847,46,59.29999924,358
2146,74.09999847,50,59.20000076,360
2147,74.0,56,59.09999847,360
2148,74.0,57,59.09999847,356
2149,74.0,57,59.0,356
2150,73.90000153,57,58.79999924,358
2151,73.80000305,54,58.79999924,355
2152,73.59999847,48,58.70000076,363
2153,73.59999847,48,58.70000076,373
2154,73.59999847,38,58.70000076,374
2155,73.5,37,58.79999924,371
2156,73.5,37,58.79999924,374
2157,73.5,37,58.90000153,370
2158,73.5,37,59.0,368
2159,73.59999847,37,59.0,369
2160,73.59999847,37,59.09999847,370
2161,73.69999695,37,59.20000076,372
2162,73.80000305,37,59.20000076,369
2163,73.80000305,36,59.40000153,369
2164,73.90000153,37,59.5,375
2165,73.90000153,36,59.5,376
2166,73.90000153,36,59.59999847,379
2167,73.90000153,36,59.70000076,379
2168,73.90000153,36,59.70000076,379
2169,73.90000153,36,59.79999924,391
2170,74.0,36,60.0,389
2171,74.0,36,59.90000153,393
2172,74.09999847,36,60.0,389
2173,74.09999847,36,60.0,387
2174,74.09999847,36,59.90000153,395
2175,74.19999695,38,60.0,394
2176,74.19999695,42,59.90000153,393
2177,74.19999695,42,59.79999924,401
2178,74.30000305,47,59.79999924,418
2179,74.30000305,56,59.70000076,410
2180,74.30000305,56,59.40000153,410
2181,74.30000305,57,59.20000076,405
2182,74.30000305,56,59.09999847,405
2183,74.30000305,59,59.09999847,404
2184,74.30000305,63,58.90000153,408
2185,74.30000305,63,58.79999924,408
2186,74.30000305,63,58.79999924,402
2187,74.30000305,63,58.59999847,404
2188,74.19999695,63,58.5,405
2189,74.19999695,64,58.5,405
2190,74.19999695,64,58.5,407
2191,74.19999695,67,58.40000153,411
2192,74.19999695,75,58.20000076,411
2193,74.19999695,76,58.20000076,415
2194,74.09999847,75,58.0,417
2195,74.09999847,75,58.20000076,431
2196,74.0,75,58.0,422
2197,73.90000153,75,57.79999924,433
2198,73.80000305,75,57.90000153,433
2199,73.69999695,72,57.70000076,444
2200,73.59999847,68,57.79999924,414
2201,73.5,66,57.59999847,414
2202,73.5,57,57.70000076,412
2203,73.40000153,57,57.70000076,414
2204,73.40000153,48,57.70000076,418
2205,73.5,48,57.79999924,409
2206,73.5,48,57.79999924,404
2207,73.59999847,48,57.90000153,402
2208,73.59999847,48,58.0,393
2209,73.69999695,48,58.20000076,391
2210,73.69999695,48,58.20000076,383
2211,73.69999695,48,58.29999924,382
2212,73.69999695,48,58.29999924,380
2213,73.69999695,48,58.40000153,378
2214,73.69999695,48,58.5,377
2215,73.69999695,41,58.5,376
2216,73.69999695,38,58.59999847,374
2217,73.69999695,38,58.79999924,371
2218,73.69999695,39,58.90000153,368
2219,73.80000305,36,59.0,365
2220,73.80000305,37,59.0,361
2221,73.80000305,37,59.09999847,362
2222,73.80000305,36,59.20000076,362
2223,73.80000305,36,59.20000076,360
2224,73.80000305,36,59.29999924,356
2225,73.80000305,37,59.5,349
2226,73.80000305,36,59.29999924,353
2227,73.80000305,37,59.5,350
2228,73.80000305,37,59.40000153,348
2229,73.90000153,37,59.5,347
2230,73.90000153,36,59.5,348
2231,73.90000153,36,59.70000076,342
2232,73.90000153,37,59.59999847,345
2233,73.90000153,36,59.70000076,340
2234,73.90000153,36,59.70000076,343
2235,73.90000153,36,59.70000076,344
2236,73.90000153,36,59.70000076,343
2237,73.90000153,36,59.70000076,342
2238,73.90000153,36,59.70000076,342
2239,73.90000153,37,59.70000076,340
2240,73.90000153,37,59.90000153,336
2241,73.90000153,36,59.90000153,334
2242,73.90000153,37,59.79999924,337
2243,73.90000153,37,59.79999924,332
2244,73.90000153,37,59.70000076,336
2245,73.90000153,37,59.70000076,332
2246,73.90000153,37,59.70000076,335
2247,73.90000153,37,59.70000076,331
2248,73.90000153,37,59.79999924,332
2249,73.90000153,37,59.59999847,333
2250,73.90000153,37,59.5,333
2251,73.90000153,37,59.59999847,333
2252,73.90000153,38,59.40000153,329
2253,73.90000153,37,59.59999847,327
2254,73.90000153,37,59.29999924,330
2255,73.90000153,37,59.20000076,330
2256,73.90000153,36,59.29999924,327
2257,73.90000153,37,59.09999847,325
2258,73.90000153,37,59.09999847,325
2259,73.90000153,37,59.09999847,328
2260,73.90000153,37,59.09999847,327
2261,73.90000153,37,59.20000076,324
2262,73.90000153,37,59.09999847,327
2263,73.90000153,37,59.09999847,326
2264,73.90000153,37,59.20000076,323
2265,73.90000153,37,59.09999847,326
2266,73.90000153,37,59.09999847,326
2267,73.90000153,37,59.20000076,326
2268,73.90000153,36,59.20000076,326
2269,73.90000153,36,59.20000076,322
2270,73.90000153,36,59.20000076,323
2271,73.90000153,37,59.5,321
2272,73.90000153,37,59.29999924,324
2273,73.90000153,37,59.29999924,323
2274,73.90000153,37,59.59999847,321
2275,73.90000153,37,59.40000153,324
2276,73.90000153,37,59.40000153,323
2277,73.90000153,37,59.5,324
2278,73.90000153,36,59.5,323
2279,73.90000153,37,59.5,322
2280,73.90000153,37,59.5,322
2281,73.90000153,38,59.5,323
2282,73.90000153,37,59.5,324
2283,73.90000153,36,59.5,325
2284,73.90000153,37,59.5,322
2285,73.90000153,36,59.5,325
2286,73.90000153,36,59.5,321
2287,73.90000153,36,59.5,322
2288,73.90000153,36,59.5,320
2289,73.90000153,36,59.5,323
2290,73.90000153,36,59.5,322
2291,73.90000153,36,59.5,322
2292,73.90000153,36,59.5,320
2293,73.90000153,36,59.5,322
2294,73.90000153,36,59.59999847,321
2295,73.90000153,36,59.59999847,323
2296,73.90000153,36,59.59999847,322
2297,73.80000305,36,59.70000076,320
2298,73.59999847,36,59.90000153,323
2299,73.5,35,59.70000076,338
2300,73.40000153,36,59.90000153,337
2301,73.30000305,36,59.79999924,341
2302,73.30000305,36,59.79999924,344
2303,73.30000305,36,59.79999924,347
2304,73.19999695,36,59.79999924,347
2305,73.19999695,36,59.79999924,351
2306,73.19999695,36,59.79999924,352
2307,73.19999695,36,60.0,351
2308,73.19999695,37,60.0,380
2309,73.19999695,36,60.09999847,359
2310,73.19999695,36,59.90000153,360
2311,73.19999695,37,60.09999847,355
2312,73.19999695,36,59.90000153,361
2313,73.19999695,36,59.90000153,359
2314,73.19999695,37,60.0,363
2315,73.19999695,36,60.0,363
2316,73.19999695,36,60.0,361
2317,73.09999847,36,60.20000076,359
2318,73.09999847,37,60.0,361
2319,73.09999847,37,60.0,359
2320,73.09999847,37,59.90000153,368
2321,73.09999847,37,59.79999924,381
2322,73.09999847,36,59.79999924,365
2323,73.09999847,36,59.70000076,359
2324,73.09999847,36,59.59999847,361
2325,73.09999847,35,59.59999847,362
2326,73.09999847,36,59.09999847,367
2327,73.19999695,36,58.90000153,365
2328,73.19999695,37,58.5,374
2329,73.19999695,38,58.29999924,374
2330,73.30000305,39,58.0,371
2331,73.30000305,39,57.79999924,365
2332,73.30000305,39,57.70000076,366
2333,73.19999695,40,57.5,362
2334,73.19999695,40,57.29999924,367
2335,73.19999695,40,57.20000076,369
2336,73.19999695,39,57.0,369
2337,73.19999695,40,56.90000153,363
2338,73.19999695,40,56.70000076,364
2339,73.19999695,39,56.59999847,362
2340,73.09999847,40,56.5,360
2341,73.09999847,39,56.29999924,358
2342,73.09999847,39,56.29999924,357
2343,73.09999847,39,56.09999847,355
2344,73.0,39,56.09999847,355
2345,73.0,39,56.0,354
2346,73.0,39,55.90000153,351
2347,72.90000153,39,56.0,347
2348,72.90000153,39,55.70000076,350
2349,72.90000153,38,55.70000076,350
2350,72.90000153,38,55.59999847,350
2351,72.90000153,38,55.59999847,350
2352,72.90000153,38,55.79999924,346
2353,72.90000153,39,55.5,348
2354,73.0,38,55.59999847,346
2355,73.0,39,55.79999924,347
2356,73.0,38,55.70000076,352
2357,73.0,38,55.79999924,349
2358,73.0,39,55.79999924,355
2359,73.0,38,56.0,354
2360,73.0,38,56.09999847,352
2361,73.0,38,56.29999924,352
2362,73.0,38,56.5,355
2363,73.0,38,56.5,353
2364,73.0,39,56.70000076,356
2365,73.0,39,56.79999924,356
2366,73.0,38,57.0,354
2367,73.0,38,57.20000076,356
2368,73.0,38,57.29999924,357
2369,73.0,38,57.40000153,357
2370,73.0,38,57.59999847,357
2371,73.0,39,57.59999847,358
2372,73.0,39,57.70000076,356
2373,73.0,39,57.79999924,356
2374,73.0,39,57.90000153,357
2375,73.0,39,58.0,356
2376,73.0,38,58.09999847,355
2377,73.0,38,58.20000076,358
2378,73.09999847,38,58.29999924,358
2379,73.09999847,38,58.29999924,357
2380,73.09999847,38,58.5,354
2381,73.09999847,38,58.5,357
2382,73.09999847,38,58.59999847,356
2383,73.09999847,39,58.90000153,355
2384,73.09999847,39,58.79999924,355
2385,73.09999847,39,58.90000153,356
2386,73.09999847,39,59.0,358
2387,73.09999847,39,59.20000076,354
2388,73.09999847,38,59.20000076,359
2389,73.09999847,39,59.40000153,356
2390,73.09999847,39,59.5,358
2391,73.09999847,38,59.59999847,358
2392,73.09999847,39,59.70000076,356
2393,73.09999847,38,59.79999924,359
2394,73.09999847,38,60.0,355
2395,73.19999695,38,59.90000153,360
2396,73.09999847,38,60.0,360
2397,73.19999695,38,60.09999847,359
2398,73.19999695,38,60.0,359
2399,73.19999695,38,60.20000076,357
2400,73.19999695,38,60.09999847,356
2401,73.19999695,38,60.0,357
2402,73.19999695,38,60.0,358
2403,73.19999695,38,60.0,357
2404,73.19999695,38,59.90000153,358
2405,73.19999695,38,59.90000153,358
2406,73.19999695,38,59.90000153,363
2407,73.19999695,39,59.79999924,363
2408,73.30000305,39,59.79999924,362
2409,73.30000305,39,59.79999924,361
2410,73.30000305,38,59.79999924,361
2411,73.30000305,38,59.79999924,361
2412,73.30000305,38,59.79999924,361
2413,73.19999695,38,59.79999924,361
2414,73.19999695,38,59.79999924,360
2415,73.19999695,39,59.79999924,360
2416,73.19999695,38,59.79999924,356
2417,73.19999695,38,59.79999924,362
2418,73.19999695,38,59.79999924,359
2419,73.09999847,39,59.79999924,362
2420,73.09999847,39,59.79999924,362
2421,73.09999847,39,60.0,358
2422,73.09999847,39,59.79999924,362
2423,73.09999847,39,59.79999924,361
2424,73.09999847,39,59.70000076,362
2425,73.09999847,39,59.59999847,361
2426,73.09999847,39,59.59999847,361
2427,73.09999847,39,59.59999847,362
2428,73.09999847,39,59.5,363
2429,73.09999847,39,59.5,361
2430,73.0,38,59.59999847,359
2431,73.0,38,59.40000153,361
2432,73.0,39,59.29999924,361
2433,73.0,39,59.29999924,361
2434,73.0,39,59.20000076,363
2435,73.0,39,59.20000076,363
2436,73.0,39,59.20000076,361
2437,73.0,38,59.29999924,358
2438,73.0,39,59.09999847,362
2439,73.0,39,59.09999847,360
2440,73.0,39,59.09999847,362
2441,73.0,39,59.0,362
2442,72.90000153,39,59.0,362
2443,72.90000153,43,58.90000153,361
2444,72.90000153,49,58.90000153,362
2445,72.90000153,55,58.70000076,359
2446,72.90000153,53,58.5,362
2447,72.90000153,52,58.5,359
2448,72.90000153,52,58.40000153,361
2449,72.90000153,51,58.29999924,360
2450,72.90000153,52,58.29999924,360
2451,72.90000153,53,58.29999924,361
2452,72.80000305,53,58.29999924,362
2453,72.80000305,52,58.29999924,361
2454,72.80000305,52,58.29999924,361
2455,72.80000305,52,58.29999924,362
2456,72.80000305,52,58.40000153,362
2457,72.80000305,52,58.40000153,361
2458,72.80000305,53,58.5,362
2459,72.80000305,53,58.70000076,363
2460,72.80000305,53,58.90000153,363
2461,72.80000305,53,59.29999924,361
2462,72.80000305,52,60.09999847,360
2463,72.80000305,52,62.40000153,359
2464,72.80000305,52,67.0,355
2465,72.80000305,53,72.80000305,359
2466,72.80000305,52,79.90000153,357
2467,72.80000305,52,86.69999695,358
2468,72.90000153,53,92.30000305,357
2469,72.90000153,52,96.30000305,360
2470,72.90000153,51,99.0,365
2471,73.0,52,100.9000015,372
2472,73.0,52,101.6999969,377
2473,73.0,52,102.0999985,408
2474,73.09999847,52,102.3000031,408
2475,73.09999847,52,102.0999985,400
2476,73.19999695,52,101.8000031,398
2477,73.30000305,52,101.1999969,404
2478,73.40000153,52,98.59999847,424
2479,73.5,52,94.40000153,428
2480,73.59999847,52,89.30000305,437
2481,73.59999847,52,84.40000153,443
2482,73.69999695,53,80.30000305,464
2483,73.80000305,48,77.09999847,473
2484,73.90000153,47,74.69999695,451
2485,73.90000153,37,73.40000153,431
2486,74.0,37,72.5,428
2487,74.0,37,71.69999695,421
2488,74.09999847,37,70.90000153,423
2489,74.09999847,36,70.19999695,432
2490,74.19999695,36,69.59999847,433
2491,74.19999695,36,69.0,431
2492,74.19999695,36,68.5,421
2493,74.30000305,36,67.90000153,426
2494,74.30000305,36,67.59999847,423
2495,74.30000305,36,67.09999847,432
2496,74.30000305,36,66.80000305,429
2497,74.40000153,36,66.30000305,427
2498,74.40000153,36,66.0,426
2499,74.40000153,36,65.59999847,428
2500,74.40000153,36,65.30000305,432
2501,74.40000153,36,65.09999847,430
2502,74.5,36,64.80000305,433
2503,74.5,36,64.59999847,431
2504,74.5,36,64.30000305,434
2505,74.5,36,64.09999847,436
2506,74.5,36,63.90000153,435
2507,74.5,36,63.59999847,440
2508,74.5,36,63.59999847,443
2509,74.5,36,63.5,441
2510,74.5,36,63.09999847,440
2511,74.5,37,62.90000153,437
2512,74.5,36,62.79999924,423
2513,74.5,35,62.70000076,416
2514,74.5,35,62.5,414
2515,74.59999847,36,62.29999924,407
2516,74.59999847,36,62.20000076,408
2517,74.59999847,36,62.0,425
2518,74.59999847,36,62.0,422
2519,74.59999847,36,61.70000076,418
2520,74.59999847,36,61.70000076,419
2521,74.59999847,36,61.70000076,429
2522,74.59999847,35,61.5,429
2523,74.59999847,36,61.40000153,425
2524,74.59999847,36,61.40000153,413
2525,74.59999847,36,61.20000076,407
2526,74.59999847,36,61.09999847,407
2527,74.59999847,36,61.0,403
2528,74.59999847,36,61.0,401
2529,74.59999847,36,61.0,399
2530,74.59999847,36,60.90000153,398
2531,74.59999847,36,60.90000153,395
2532,74.59999847,36,60.90000153,399
2533,74.59999847,36,61.0,396
2534,74.59999847,37,60.79999924,396
2535,74.59999847,37,60.79999924,394
2536,74.59999847,36,61.0,410
2537,74.59999847,36,60.79999924,413
2538,74.59999847,36,60.79999924,407
2539,74.59999847,36,60.79999924,399
2540,74.59999847,36,60.79999924,399
2541,74.59999847,36,60.79999924,399
2542,74.59999847,36,60.79999924,399
2543,74.59999847,36,60.79999924,398
2544,74.59999847,36,60.79999924,396
2545,74.59999847,36,60.90000153,402
2546,74.59999847,36,61.0,405
2547,74.59999847,36,61.0,398
2548,74.59999847,36,60.90000153,395
2549,74.59999847,36,60.79999924,403
2550,74.69999695,37,60.79999924,405
2551,74.69999695,36,61.0,403
2552,74.69999695,36,61.0,405
2553,74.69999695,36,60.79999924,412
2554,74.69999695,36,60.79999924,417
2555,74.69999695,36,60.70000076,419
2556,74.69999695,36,60.79999924,418
2557,74.69999695,36,60.70000076,415
2558,74.69999695,36,60.79999924,421
2559,74.69999695,36,60.79999924,408
2560,74.69999695,36,60.90000153,400
2561,74.69999695,35,60.70000076,401
2562,74.69999695,36,60.70000076,403
2563,74.69999695,36,60.79999924,406
2564,74.69999695,36,60.70000076,403
2565,74.69999695,36,60.70000076,408
2566,74.69999695,36,60.59999847,412
2567,74.69999695,36,60.59999847,409
2568,74.69999695,36,60.70000076,412
2569,74.69999695,36,60.5,412
2570,74.69999695,36,60.5,409
2571,74.69999695,36,60.5,410
2572,74.69999695,36,60.5,407
2573,74.69999695,36,60.5,409
2574,74.69999695,35,60.40000153,407
2575,74.69999695,36,60.40000153,406
2576,74.69999695,36,60.40000153,405
2577,74.69999695,36,60.40000153,406
2578,74.69999695,36,60.29999924,407
2579,74.69999695,36,60.40000153,405
2580,74.69999695,36,60.29999924,398
2581,74.69999695,36,60.29999924,401
2582,74.69999695,37,60.29999924,399
2583,74.69999695,36,60.29999924,399
2584,74.69999695,36,60.29999924,397
2585,74.69999695,36,60.20000076,394
2586,74.69999695,36,60.20000076,398
2587,74.69999695,36,60.20000076,400
2588,74.69999695,36,60.20000076,401
2589,74.80000305,36,60.09999847,405
2590,74.80000305,36,60.29999924,405
2591,74.80000305,36,60.20000076,404
2592,74.80000305,36,60.0,408
2593,74.80000305,36,60.0,409
2594,74.80000305,36,60.0,408
2595,74.80000305,36,60.20000076,407
2596,74.80000305,36,60.0,408
2597,74.80000305,37,59.90000153,410
2598,74.80000305,36,59.79999924,409
2599,74.80000305,36,59.90000153,410
2600,74.80000305,36,59.79999924,409
2601,74.69999695,37,59.79999924,408
2602,74.69999695,36,59.70000076,408
2603,74.69999695,36,59.79999924,404
2604,74.69999695,37,59.59999847,412
2605,74.69999695,37,59.70000076,405
2606,74.69999695,36,59.59999847,400
2607,74.69999695,36,59.5,403
2608,74.69999695,36,59.5,407
2609,74.69999695,36,59.40000153,422
2610,74.69999695,36,59.59999847,417
2611,74.69999695,35,59.29999924,411
2612,74.69999695,36,59.20000076,410
2613,74.69999695,36,59.20000076,413
2614,74.69999695,35,59.20000076,408
2615,74.69999695,35,59.40000153,399
2616,74.69999695,35,59.09999847,390
2617,74.59999847,36,59.09999847,409
2618,74.5,36,59.20000076,410
2619,74.40000153,35,59.09999847,419
2620,74.19999695,36,59.20000076,415
2621,74.09999847,36,59.20000076,404
2622,74.0,36,59.20000076,394
2623,73.90000153,36,59.5,382
2624,73.80000305,37,59.29999924,381
2625,73.69999695,36,59.40000153,375
2626,73.59999847,10,59.40000153,369
2627,73.59999847,10,59.5,369
2628,73.5,9,59.70000076,368
2629,73.5,9,59.79999924,365
2630,73.5,9,60.09999847,360
2631,73.5,8,60.09999847,359
2632,73.5,8,60.29999924,355
2633,73.5,8,60.29999924,352
2634,73.59999847,8,60.5,353
2635,73.59999847,8,60.5,349
2636,73.59999847,7,60.70000076,346
2637,73.59999847,8,60.79999924,346
2638,73.59999847,8,60.79999924,342
2639,73.59999847,8,60.90000153,345
2640,73.59999847,7,61.0,344
2641,73.69999695,7,61.0,344
2642,73.69999695,7,61.09999847,342
2643,73.69999695,7,61.40000153,339
2644,73.69999695,7,61.40000153,341
2645,73.69999695,7,61.40000153,342
2646,73.80000305,8,61.40000153,341
2647,73.80000305,7,61.5,341
2648,73.80000305,7,61.59999847,341
2649,73.80000305,7,61.59999847,340
2650,73.80000305,7,61.70000076,340
2651,73.80000305,7,61.70000076,337
2652,73.80000305,7,61.79999924,339
2653,73.80000305,7,62.0,339
2654,73.80000305,7,62.0,338
2655,73.69999695,7,62.09999847,339
2656,73.69999695,7,62.20000076,338
2657,73.69999695,7,62.29999924,336
2658,73.69999695,7,62.29999924,338
2659,73.69999695,7,62.40000153,339
2660,73.80000305,7,62.5,336
2661,73.80000305,7,62.59999847,337
2662,73.80000305,7,62.70000076,338
2663,73.80000305,7,62.79999924,337
2664,73.80000305,7,62.79999924,338
2665,73.80000305,7,62.90000153,337
2666,73.80000305,7,62.90000153,340
2667,73.69999695,7,63.09999847,338
2668,73.69999695,7,63.0,336
2669,73.69999695,7,63.0,339
2670,73.69999695,7,63.0,339
2671,73.69999695,7,63.0,339
2672,73.69999695,7,63.09999847,339
2673,73.69999695,7,63.09999847,338
2674,73.69999695,7,63.20000076,339
2675,73.69999695,8,63.09999847,339
2676,73.69999695,7,63.20000076,340
2677,73.69999695,7,63.09999847,340
2678,73.69999695,6,63.20000076,339
2679,73.69999695,7,63.20000076,340
2680,73.59999847,7,63.29999924,339
2681,73.59999847,7,63.29999924,337
2682,73.59999847,7,63.29999924,340
2683,73.59999847,7,63.29999924,338
2684,73.59999847,7,63.29999924,341
2685,73.59999847,7,63.40000153,341
2686,73.5,7,63.5,337
2687,73.5,7,63.40000153,343
2688,73.5,7,63.59999847,338
2689,73.5,7,63.5,340
2690,73.5,7,63.70000076,340
2691,73.5,7,63.5,343
2692,73.5,7,63.59999847,339
2693,73.5,7,63.70000076,343
2694,73.5,7,63.90000153,339
2695,73.5,7,63.90000153,338
2696,73.5,7,63.79999924,340
2697,73.5,7,63.90000153,341
2698,73.5,7,63.90000153,339
2699,73.5,7,64.09999847,337
2700,73.5,7,64.0,340
2701,73.5,7,64.0,342
2702,73.5,7,64.0,341
2703,73.5,7,64.09999847,340
2704,73.5,7,64.09999847,339
2705,73.5,7,64.30000305,341
2706,73.5,7,64.19999695,337
2707,73.5,7,64.09999847,339
2708,73.5,7,64.09999847,340
2709,73.5,7,64.09999847,340
2710,73.5,7,64.09999847,340
2711,73.5,7,64.19999695,343
2712,73.5,7,64.09999847,342
2713,73.5,6,64.09999847,343
2714,73.5,6,64.09999847,342
2715,73.5,7,64.09999847,338
2716,73.5,7,64.09999847,341
2717,73.40000153,7,64.19999695,338
2718,73.40000153,7,64.09999847,343
2719,73.40000153,7,64.09999847,342
2720,73.40000153,7,64.09999847,342
2721,73.40000153,7,64.09999847,343
2722,73.40000153,7,64.09999847,344
2723,73.40000153,7,64.09999847,344
2724,73.40000153,7,64.09999847,343
2725,73.40000153,7,64.09999847,344
2726,73.30000305,7,64.09999847,344
2727,73.30000305,7,64.09999847,345
2728,73.40000153,7,64.09999847,342
2729,73.40000153,7,64.09999847,344
2730,73.40000153,7,64.19999695,340
2731,73.40000153,7,64.09999847,343
2732,73.40000153,7,64.19999695,344
2733,73.40000153,7,64.09999847,344
2734,73.30000305,7,64.19999695,344
2735,73.30000305,7,64.19999695,344
2736,73.30000305,7,64.19999695,344
2737,73.30000305,7,64.19999695,342
2738,73.30000305,7,64.19999695,343
2739,73.30000305,7,64.19999695,342
2740,73.30000305,7,64.19999695,344
2741,73.30000305,7,64.19999695,344
2742,73.30000305,7,64.19999695,344
2743,73.30000305,7,64.19999695,343
2744,73.30000305,7,64.19999695,344
2745,73.30000305,7,64.30000305,340
2746,73.40000153,7,64.19999695,345
2747,73.40000153,7,64.30000305,346
2748,73.30000305,7,64.30000305,345
2749,73.40000153,7,64.5,342
2750,73.40000153,7,64.5,340
2751,73.40000153,7,64.30000305,343
2752,73.40000153,7,64.30000305,341
2753,73.40000153,7,64.30000305,344
2754,73.40000153,7,64.30000305,342
2755,73.40000153,7,64.40000153,346
2756,73.40000153,7,64.40000153,344
2757,73.40000153,7,64.40000153,341
2758,73.40000153,7,64.59999847,340
2759,73.40000153,7,64.40000153,345
2760,73.40000153,7,64.5,343
2761,73.40000153,7,64.40000153,345
2762,73.40000153,7,64.5,340
2763,73.30000305,7,64.40000153,341
2764,73.30000305,7,64.40000153,342
2765,73.30000305,7,64.5,341
2766,73.30000305,7,64.40000153,340
2767,73.30000305,7,64.5,343
2768,73.30000305,7,64.5,343
2769,73.30000305,7,64.5,343
2770,73.30000305,7,64.5,343
2771,73.30000305,7,64.59999847,341
2772,73.19999695,7,64.5,339
2773,73.19999695,7,64.5,342
2774,73.19999695,7,64.59999847,342
2775,73.19999695,7,64.5,343
2776,73.19999695,7,64.69999695,338
2777,73.19999695,7,64.69999695,341
2778,73.19999695,7,64.59999847,342
2779,73.19999695,7,64.59999847,339
2780,73.19999695,7,64.59999847,338
2781,73.19999695,7,64.59999847,340
2782,73.19999695,8,64.59999847,341
2783,73.19999695,7,64.80000305,339
2784,73.09999847,7,64.69999695,341
2785,73.09999847,7,64.90000153,337
2786,73.19999695,7,64.69999695,341
2787,73.19999695,7,64.69999695,342
2788,73.19999695,7,64.69999695,341
2789,73.19999695,7,64.80000305,340
2790,73.09999847,7,64.80000305,341
2791,73.09999847,7,64.80000305,341
2792,73.09999847,7,65.0,338
2793,73.09999847,7,64.90000153,337
2794,73.09999847,7,64.80000305,342
2795,73.09999847,7,64.80000305,340
2796,73.09999847,7,64.80000305,338
2797,73.09999847,7,64.69999695,342
2798,73.09999847,7,64.69999695,341
2799,73.09999847,8,64.90000153,338
2800,73.09999847,8,64.69999695,340
2801,73.09999847,7,64.90000153,337
2802,73.09999847,7,64.69999695,342
2803,73.09999847,7,64.69999695,342
2804,73.09999847,7,64.69999695,340
2805,73.09999847,8,64.69999695,342
2806,73.09999847,7,64.69999695,342
2807,73.09999847,7,64.80000305,341
2808,73.09999847,7,64.80000305,342
2809,73.09999847,7,64.80000305,342
2810,73.09999847,7,64.90000153,340
2811,73.09999847,7,64.90000153,340
2812,73.09999847,7,65.0,338
2813,73.09999847,7,65.09999847,341
2814,73.19999695,7,65.30000305,338
2815,73.19999695,7,65.19999695,342
2816,73.19999695,7,65.19999695,340
2817,73.19999695,7,65.30000305,342
2818,73.19999695,7,65.30000305,342
2819,73.19999695,7,65.40000153,341
2820,73.19999695,7,65.69999695,338
2821,73.19999695,7,65.5,342
2822,73.19999695,7,65.59999847,340
2823,73.19999695,7,65.69999695,342
2824,73.19999695,7,65.69999695,341
2825,73.19999695,7,65.80000305,341
2826,73.19999695,7,65.90000153,341
2827,73.19999695,7,65.90000153,343
2828,73.19999695,7,65.90000153,343
2829,73.19999695,7,65.90000153,340
2830,73.19999695,7,65.90000153,341
2831,73.19999695,7,65.90000153,343
2832,73.19999695,7,65.90000153,343
2833,73.19999695,7,65.90000153,342
2834,73.19999695,7,65.80000305,342
2835,73.19999695,7,65.80000305,342
2836,73.19999695,7,65.80000305,344
2837,73.19999695,7,65.80000305,340
2838,73.19999695,7,65.80000305,339
2839,73.09999847,7,65.69999695,342
2840,73.09999847,6,65.80000305,343
2841,73.09999847,6,65.69999695,343
2842,73.09999847,6,65.90000153,343
2843,73.09999847,7,65.80000305,347
2844,73.09999847,6,65.69999695,346
2845,73.09999847,6,65.69999695,346
2846,73.09999847,6,65.90000153,343
2847,73.09999847,7,65.80000305,345
2848,73.09999847,6,65.80000305,345
2849,73.09999847,6,65.80000305,345
2850,73.09999847,7,65.80000305,345
2851,73.09999847,7,65.90000153,342
2852,73.09999847,6,65.69999695,346
2853,73.09999847,6,65.80000305,345
2854,73.09999847,6,65.90000153,342
2855,73.09999847,6,65.69999695,345
2856,73.09999847,6,65.59999847,345
2857,73.09999847,6,65.59999847,344
2858,73.09999847,7,65.59999847,346
2859,73.0,7,65.80000305,342
2860,73.0,6,65.59999847,346
2861,73.0,6,65.59999847,347
2862,73.0,7,65.69999695,343
2863,72.90000153,6,65.69999695,345
2864,72.90000153,6,65.5,347
2865,72.90000153,7,65.80000305,343
