Airflow,Discharge_air_temperature,CO2,Zone_temp,Occupancy
13,63,322,74.30000305,0
13,63,323,74.30000305,0
13,63,323,74.30000305,0
13,63.20000076,321,74.30000305,0
13,63,322,74.30000305,0
13,63,323,74.30000305,0
13,63,324,74.30000305,0
13,63,323,74.30000305,0
13,62.90000153,323,74.30000305,0
13,62.90000153,323,74.30000305,0
13,62.90000153,323,74.30000305,0
13,62.90000153,323,74.30000305,0
13,62.79999924,322,74.19999695,0
13,62.79999924,323,74.19999695,0
13,62.79999924,323,74.19999695,0
13,62.79999924,322,74.19999695,0
13,62.79999924,324,74.19999695,0
13,62.79999924,324,74.19999695,0
13,62.70000076,324,74.19999695,0
13,62.70000076,323,74.19999695,0
13,62.70000076,322,74.19999695,0
13,62.70000076,325,74.19999695,0
13,62.70000076,323,74.19999695,0
13,62.59999847,323,74.19999695,0
13,62.70000076,322,74.19999695,0
13,62.59999847,323,74.19999695,0
13,62.59999847,324,74.19999695,0
13,62.5,324,74.19999695,0
13,62.59999847,324,74.19999695,0
13,62.5,320,74.19999695,0
13,62.59999847,324,74.19999695,0
13,62.5,324,74.19999695,0
13,62.5,324,74.19999695,0
13,62.5,323,74.19999695,0
13,62.5,324,74.19999695,0
13,62.5,323,74.19999695,0
13,62.5,320,74.19999695,0
13,62.5,324,74.19999695,0
13,62.5,322,74.19999695,0
13,62.5,323,74.19999695,0
13,62.70000076,322,74.19999695,0
13,62.5,323,74.19999695,0
13,62.5,321,74.19999695,0
13,62.5,323,74.19999695,0
13,62.59999847,323,74.19999695,0
13,62.59999847,323,74.19999695,0
13,62.59999847,321,74.19999695,0
13,62.70000076,324,74.19999695,0
13,62.59999847,324,74.19999695,0
13,62.59999847,324,74.19999695,0
13,62.79999924,319,74.19999695,0
13,62.59999847,323,74.19999695,0
13,62.70000076,324,74.19999695,0
13,62.79999924,319,74.19999695,0
13,62.70000076,325,74.19999695,0
13,62.79999924,322,74.19999695,0
13,62.70000076,322,74.19999695,0
13,62.70000076,325,74.19999695,0
13,62.70000076,325,74.19999695,0
13,62.79999924,324,74.19999695,0
13,62.79999924,324,74.19999695,0
13,62.90000153,322,74.19999695,0
13,62.79999924,323,74.19999695,0
13,62.79999924,323,74.19999695,0
13,62.79999924,323,74.09999847,0
13,62.79999924,324,74.09999847,0
13,62.90000153,322,74.09999847,0
13,62.79999924,321,74.09999847,0
13,62.90000153,322,74.09999847,0
13,62.90000153,323,74.09999847,0
13,62.90000153,322,74.09999847,0
13,62.90000153,321,74.09999847,0
13,62.90000153,324,74.09999847,0
13,62.90000153,320,74.09999847,0
13,62.90000153,322,74.09999847,0
13,62.90000153,323,74.09999847,0
13,62.90000153,319,74.09999847,0
13,62.90000153,323,74.09999847,0
13,62.90000153,321,74.09999847,0
13,62.90000153,324,74.09999847,0
13,62.90000153,323,74.09999847,0
13,62.79999924,321,74.09999847,0
13,62.79999924,320,74.09999847,0
13,62.79999924,324,74.09999847,0
13,62.79999924,325,74.09999847,0
13,62.79999924,322,74.09999847,0
13,62.79999924,325,74.09999847,0
13,62.79999924,323,74.09999847,0
13,62.70000076,322,74.09999847,0
13,62.79999924,322,74.09999847,0
13,62.70000076,322,74.09999847,0
13,62.70000076,322,74.09999847,0
13,62.70000076,322,74.09999847,0
13,62.59999847,321,74.09999847,0
13,62.59999847,323,74.09999847,0
13,62.59999847,321,74.09999847,0
13,62.59999847,322,74.09999847,0
13,62.5,323,74.09999847,0
13,62.5,323,74.09999847,0
13,62.5,324,74.09999847,0
13,62.5,323,74.09999847,0
13,62.40000153,322,74.09999847,0
13,62.5,323,74.09999847,0
13,62.40000153,319,74.09999847,0
13,62.29999924,320,74.09999847,0
13,62.29999924,322,74.09999847,0
13,62.29999924,320,74.09999847,0
13,62.29999924,323,74.09999847,0
13,62.29999924,321,74.09999847,0
13,62.5,320,74.09999847,0
13,62.29999924,321,74.09999847,0
13,62.5,320,74.09999847,0
13,62.40000153,322,74.09999847,0
13,62.59999847,319,74.09999847,0
13,62.40000153,323,74.09999847,0
13,62.40000153,321,74.09999847,0
13,62.5,322,74.09999847,0
13,62.5,320,74.09999847,0
13,62.5,322,74.09999847,0
13,62.70000076,320,74.09999847,0
13,62.70000076,323,74.09999847,0
13,62.70000076,322,74.09999847,0
13,62.70000076,322,74.09999847,0
13,62.79999924,323,74.09999847,0
13,62.79999924,323,74.09999847,0
13,62.79999924,320,74.09999847,0
13,62.90000153,320,74.09999847,0
13,62.90000153,320,74.09999847,0
13,62.90000153,323,74.09999847,0
13,62.90000153,323,74.09999847,0
13,63,320,74.09999847,0
13,62.90000153,322,74.09999847,0
13,62.90000153,323,74.09999847,0
13,63,319,74.09999847,0
13,62.79999924,322,74.09999847,0
13,62.79999924,320,74.09999847,0
13,62.79999924,323,74.09999847,0
13,62.79999924,321,74.09999847,0
13,62.79999924,322,74.09999847,0
13,62.90000153,319,74.09999847,0
13,62.70000076,322,74.09999847,0
13,62.70000076,322,74.09999847,0
13,62.59999847,323,74.09999847,0
13,62.59999847,321,74.09999847,0
13,62.59999847,321,74.09999847,0
13,62.79999924,318,74.09999847,0
13,62.59999847,320,74.09999847,0
13,62.70000076,318,74.09999847,0
13,62.70000076,318,74.09999847,0
13,62.5,322,74.09999847,0
13,62.40000153,322,74.09999847,0
13,62.40000153,320,74.09999847,0
13,62.40000153,322,74.09999847,0
13,62.40000153,320,74.09999847,0
13,62.29999924,319,74.09999847,0
13,62.40000153,321,74.09999847,0
13,62.40000153,323,74.09999847,0
13,62.5,319,74.09999847,0
13,62.40000153,321,74.09999847,0
13,62.40000153,322,74.09999847,0
13,62.40000153,320,74.09999847,0
13,62.40000153,322,74.09999847,0
13,62.40000153,318,74,0
13,62.40000153,321,74,0
13,62.40000153,320,74,0
13,62.70000076,317,74,0
13,62.5,321,74,0
13,62.5,318,74,0
13,62.5,322,74,0
13,62.59999847,321,74,0
13,62.59999847,320,74,0
13,62.59999847,321,74,0
13,62.59999847,321,74,0
13,62.70000076,319,74,0
13,62.70000076,322,74,0
13,62.70000076,318,74,0
13,62.70000076,321,74,0
13,62.79999924,323,74,0
13,62.79999924,323,74,0
13,62.90000153,321,74,0
13,62.90000153,322,74,0
13,62.90000153,320,74,0
13,62.90000153,322,74,0
13,62.90000153,322,74,0
13,62.90000153,320,74,0
13,63.09999847,318,74,0
13,62.90000153,322,74,0
13,62.90000153,319,74,0
13,62.90000153,320,74,0
13,63,319,74,0
13,62.79999924,321,74,0
13,62.79999924,322,74,0
13,62.79999924,324,74,0
13,62.90000153,321,74,0
13,62.90000153,316,74,0
13,62.90000153,318,74,0
13,62.70000076,318,74,0
13,62.59999847,319,74,0
13,62.59999847,320,74,0
13,62.59999847,320,74,0
13,62.59999847,321,74,0
13,62.5,321,74,0
13,62.5,319,74,0
13,62.40000153,322,74,0
13,62.40000153,320,74,0
13,62.40000153,321,74,0
13,62.29999924,321,74,0
13,62.29999924,319,74,0
13,62.29999924,321,74,0
13,62.29999924,318,74,0
13,62.29999924,322,74,0
13,62.29999924,319,74,0
13,62.40000153,322,74,0
13,62.29999924,320,74,0
13,62.40000153,321,74,0
13,62.40000153,321,74,0
13,62.40000153,320,74,0
13,62.5,317,74,0
13,62.59999847,320,74,0
13,62.59999847,319,74,0
13,62.79999924,318,74,0
13,62.70000076,322,74,0
13,62.70000076,318,74,0
13,62.79999924,318,74,0
13,62.79999924,319,74,0
13,62.79999924,321,74,0
13,62.90000153,321,74,0
13,62.90000153,320,74,0
13,62.90000153,318,74,0
13,63,317,74,0
13,63,320,74,0
13,62.90000153,320,74,0
13,62.90000153,322,74,0
13,63.09999847,317,74,0
13,62.90000153,318,74,0
13,62.79999924,320,74,0
13,62.79999924,321,74,0
13,62.79999924,320,74,0
13,62.70000076,321,74,0
13,62.70000076,322,74,0
13,62.59999847,320,74,0
13,62.59999847,319,74,0
13,62.59999847,321,74,0
13,62.5,321,74,0
13,62.5,323,74,0
13,62.40000153,321,74,0
13,62.40000153,321,74,0
13,62.40000153,318,74,0
13,62.40000153,317,74,0
13,62.40000153,318,74,0
13,62.40000153,321,74,0
13,62.29999924,320,74,0
13,62.29999924,319,74,0
13,62.40000153,322,74,0
13,62.5,320,74,0
13,62.40000153,321,74,0
13,62.5,319,74,0
13,62.59999847,317,74,0
13,62.5,319,74,0
13,62.79999924,317,74,0
13,62.59999847,319,74,0
13,62.70000076,321,74,0
13,62.79999924,316,74,0
13,62.79999924,318,74,0
13,62.79999924,319,74,0
13,62.90000153,320,74,0
13,62.90000153,321,74,0
13,63,318,74,0
13,62.90000153,318,74,0
13,62.90000153,319,74,0
13,62.90000153,319,74,0
13,62.79999924,320,74,0
13,63,318,74,0
13,62.79999924,321,74,0
13,62.79999924,321,74,0
13,62.90000153,317,74,0
13,62.70000076,317,74,0
13,62.70000076,321,74,0
13,62.59999847,320,74,0
13,62.59999847,318,74,0
13,62.59999847,322,74,0
13,62.5,321,74,0
13,62.40000153,319,74,0
13,62.40000153,321,74,0
13,62.5,317,74,0
13,62.40000153,322,74,0
13,62.40000153,318,74,0
13,62.40000153,320,74,0
13,62.40000153,317,74,0
13,62.40000153,322,74,0
13,62.40000153,320,74,0
13,62.59999847,315,74,0
13,62.40000153,318,74,0
13,62.40000153,320,74,0
13,62.59999847,315,74,0
13,62.40000153,320,74,0
13,62.5,319,74,0
13,62.5,319,74,0
13,62.5,320,74,0
13,62.79999924,316,74,0
12,62.79999924,317,74,0
13,62.59999847,321,74,0
13,62.59999847,320,74,0
13,62.70000076,319,74,0
13,62.70000076,322,74,0
13,62.70000076,320,74,0
13,62.90000153,318,74,0
13,62.70000076,320,73.90000153,0
13,62.79999924,320,73.90000153,0
13,62.79999924,319,73.90000153,0
13,62.79999924,321,73.90000153,0
13,62.79999924,319,73.90000153,0
13,62.79999924,320,73.90000153,0
13,62.90000153,320,73.90000153,0
13,62.90000153,320,73.90000153,0
12,62.90000153,319,73.90000153,0
12,62.90000153,320,73.90000153,0
13,62.90000153,318,73.90000153,0
13,62.90000153,320,73.90000153,0
13,62.90000153,320,73.90000153,0
13,63,318,73.90000153,0
13,62.79999924,319,73.90000153,0
13,62.79999924,321,73.90000153,0
13,62.79999924,320,73.90000153,0
13,62.79999924,321,73.90000153,0
13,62.79999924,317,73.90000153,0
13,62.70000076,318,73.90000153,0
13,62.90000153,316,73.90000153,0
13,62.90000153,317,73.90000153,0
13,62.59999847,319,73.90000153,0
13,62.59999847,321,73.90000153,0
13,62.59999847,319,73.90000153,0
13,62.5,320,73.90000153,0
13,62.5,319,73.90000153,0
13,62.5,318,73.90000153,0
13,62.40000153,321,73.90000153,0
13,62.40000153,320,73.90000153,0
13,62.40000153,321,73.90000153,0
13,62.29999924,321,73.90000153,0
12,62.29999924,320,73.90000153,0
13,62.40000153,316,73.90000153,0
13,62.29999924,320,73.90000153,0
13,62.29999924,318,73.90000153,0
13,62.40000153,318,73.90000153,0
13,62.29999924,318,73.90000153,0
13,62.29999924,319,73.90000153,0
13,62.29999924,319,73.90000153,0
13,62.29999924,321,73.90000153,0
13,62.40000153,321,73.90000153,0
13,62.40000153,322,73.90000153,0
13,62.40000153,321,73.90000153,0
13,62.70000076,319,73.90000153,0
13,62.59999847,319,73.90000153,0
13,62.59999847,320,73.90000153,0
13,62.59999847,321,73.90000153,0
13,62.90000153,316,73.90000153,0
13,62.90000153,316,73.90000153,0
13,62.79999924,318,73.90000153,0
13,62.90000153,317,73.90000153,0
13,62.79999924,318,73.90000153,0
13,62.90000153,320,73.90000153,0
13,62.90000153,320,73.90000153,0
13,62.90000153,321,73.90000153,0
13,62.90000153,320,73.90000153,0
13,62.90000153,318,73.90000153,0
13,62.79999924,319,73.90000153,0
13,62.79999924,319,73.90000153,0
13,62.79999924,317,73.90000153,0
13,62.79999924,319,73.90000153,0
13,62.70000076,318,73.90000153,0
13,62.70000076,320,73.90000153,0
13,62.59999847,318,73.90000153,0
13,62.59999847,320,73.90000153,0
13,62.59999847,320,73.90000153,0
13,62.59999847,320,73.90000153,0
13,62.70000076,317,73.90000153,0
13,62.59999847,319,73.90000153,0
13,62.5,320,73.90000153,0
13,62.59999847,320,73.90000153,0
13,62.59999847,321,73.90000153,0
13,62.70000076,320,73.90000153,0
13,62.79999924,320,73.90000153,0
13,62.79999924,318,73.90000153,0
13,62.90000153,318,73.90000153,0
13,62.90000153,320,73.90000153,0
13,63,318,73.90000153,0
13,63.20000076,318,73.90000153,0
13,63.29999924,322,73.90000153,0
13,63.40000153,321,73.90000153,0
12,63.5,317,73.90000153,0
13,63.59999847,319,73.90000153,0
13,63.79999924,319,73.90000153,0
13,63.79999924,317,73.90000153,0
13,64.09999847,315,73.90000153,0
13,64.09999847,319,73.90000153,0
13,64.09999847,321,73.90000153,0
13,64.19999695,321,73.90000153,0
13,64.40000153,320,73.90000153,0
13,64.5,320,73.90000153,0
13,64.59999847,318,73.90000153,0
13,64.69999695,320,73.90000153,0
13,64.80000305,317,73.90000153,0
13,64.80000305,320,73.90000153,0
13,64.80000305,318,73.90000153,0
13,64.80000305,318,73.90000153,0
13,64.80000305,320,73.90000153,0
13,64.69999695,319,73.90000153,0
13,64.69999695,320,73.90000153,0
13,64.59999847,317,73.90000153,0
13,64.5,319,73.90000153,0
13,64.5,320,73.90000153,0
13,64.40000153,321,73.90000153,0
13,64.30000305,320,73.90000153,0
13,64.30000305,321,73.90000153,0
13,64.30000305,317,73.90000153,0
13,64.19999695,318,73.90000153,0
13,64.19999695,318,73.90000153,0
13,64.19999695,320,73.90000153,0
13,64.19999695,321,73.90000153,0
12,64.19999695,319,73.90000153,0
13,64.19999695,319,73.90000153,0
13,64.30000305,317,73.90000153,0
13,64.19999695,319,73.90000153,0
13,64.19999695,321,73.90000153,0
13,64.19999695,320,73.90000153,0
12,64.19999695,321,73.90000153,0
13,64.09999847,321,73.90000153,0
13,64.09999847,320,73.90000153,0
12,64.19999695,315,73.90000153,0
13,64,321,73.90000153,0
13,63.90000153,319,73.90000153,0
13,63.90000153,319,73.90000153,0
13,63.79999924,321,73.90000153,0
13,63.79999924,317,73.90000153,0
13,63.70000076,320,73.90000153,0
13,63.59999847,318,73.90000153,0
13,63.59999847,317,73.90000153,0
13,63.5,322,73.90000153,0
13,63.5,320,73.90000153,0
12,63.40000153,321,73.90000153,0
12,63.40000153,322,73.90000153,0
13,63.40000153,319,73.90000153,0
12,63.59999847,317,73.90000153,0
12,63.40000153,320,73.90000153,0
12,63.5,318,73.90000153,0
13,63.5,320,73.90000153,0
13,63.5,320,73.90000153,0
12,63.5,321,73.90000153,0
12,63.5,320,73.90000153,0
13,63.5,319,73.90000153,0
12,63.5,318,73.90000153,0
13,63.40000153,318,73.90000153,0
13,63.40000153,320,73.90000153,0
12,63.40000153,320,73.90000153,0
12,63.40000153,318,73.90000153,0
13,63.29999924,320,73.90000153,0
13,63.29999924,318,73.90000153,0
12,63.40000153,316,73.90000153,0
12,63.29999924,319,73.90000153,0
12,63.20000076,317,73.90000153,0
13,63.09999847,317,73.90000153,0
13,63.09999847,320,73.90000153,0
13,63,318,73.90000153,0
13,63,320,73.90000153,0
13,63.09999847,318,73.90000153,0
13,63.29999924,316,73.90000153,0
13,63.09999847,320,73.90000153,0
13,63.20000076,316,73.90000153,0
13,63.20000076,318,73.90000153,0
12,63.20000076,319,73.90000153,0
13,63.20000076,316,73.90000153,0
13,63.20000076,319,73.90000153,0
12,63.20000076,320,73.90000153,0
13,63.20000076,320,73.90000153,0
12,63.20000076,319,73.90000153,0
12,63.09999847,319,73.90000153,0
12,63.09999847,320,73.90000153,0
13,63,320,73.90000153,0
12,63,320,73.90000153,0
13,63,320,73.90000153,0
13,62.90000153,318,73.90000153,0
13,62.90000153,321,73.90000153,0
13,62.90000153,320,73.90000153,0
12,62.90000153,320,73.90000153,0
12,62.90000153,320,73.90000153,0
12,62.79999924,321,73.90000153,0
13,62.79999924,317,73.90000153,0
12,62.79999924,317,73.90000153,0
12,62.79999924,319,73.90000153,0
13,63,317,73.90000153,0
12,62.90000153,322,73.80000305,0
12,62.90000153,321,73.80000305,0
13,63,319,73.80000305,0
12,62.90000153,319,73.80000305,0
13,63,318,73.80000305,0
12,63,320,73.80000305,0
13,63,320,73.80000305,0
13,63,319,73.80000305,0
13,63,320,73.80000305,0
13,63.20000076,315,73.80000305,0
13,63.09999847,320,73.80000305,0
13,63,322,73.80000305,0
13,62.90000153,319,73.80000305,0
13,62.90000153,321,73.80000305,0
13,62.79999924,322,73.80000305,0
13,62.79999924,320,73.80000305,0
13,62.79999924,320,73.80000305,0
13,62.79999924,317,73.80000305,0
13,62.79999924,319,73.80000305,0
13,62.79999924,320,73.80000305,0
12,62.79999924,320,73.80000305,0
13,62.70000076,320,73.80000305,0
13,62.79999924,322,73.80000305,0
13,62.79999924,319,73.80000305,0
13,62.79999924,321,73.80000305,0
13,62.90000153,321,73.80000305,0
13,62.90000153,319,73.80000305,0
13,62.90000153,319,73.80000305,0
13,62.90000153,320,73.80000305,0
12,63,317,73.80000305,0
13,62.90000153,320,73.80000305,0
13,62.90000153,320,73.80000305,0
12,62.90000153,319,73.80000305,0
12,63,319,73.80000305,0
13,62.79999924,318,73.80000305,0
13,62.79999924,318,73.80000305,0
13,62.79999924,317,73.80000305,0
12,62.79999924,316,73.80000305,0
13,62.70000076,320,73.80000305,0
13,62.70000076,321,73.80000305,0
13,62.70000076,317,73.80000305,0
13,62.90000153,316,73.80000305,0
13,62.70000076,320,73.80000305,0
13,62.70000076,320,73.80000305,0
12,62.70000076,320,73.80000305,0
13,62.70000076,319,73.80000305,0
13,62.70000076,318,73.80000305,0
12,62.79999924,318,73.80000305,0
12,62.79999924,318,73.80000305,0
13,62.79999924,321,73.80000305,0
13,62.79999924,320,73.80000305,0
13,62.90000153,320,73.80000305,0
12,62.90000153,318,73.80000305,0
13,63,319,73.80000305,0
13,62.90000153,320,73.80000305,0
13,62.90000153,321,73.80000305,0
13,62.90000153,321,73.80000305,0
13,62.79999924,320,73.80000305,0
13,62.79999924,319,73.80000305,0
13,62.79999924,320,73.80000305,0
13,62.79999924,321,73.80000305,0
13,62.70000076,321,73.80000305,0
13,62.70000076,322,73.80000305,0
12,62.70000076,319,73.80000305,0
12,62.59999847,321,73.80000305,0
12,62.59999847,321,73.80000305,0
13,62.59999847,320,73.80000305,0
13,62.59999847,319,73.80000305,0
12,62.59999847,319,73.80000305,0
13,62.79999924,317,73.80000305,0
13,62.70000076,318,73.80000305,0
13,62.70000076,320,73.80000305,0
13,62.70000076,322,73.80000305,0
13,62.90000153,315,73.80000305,0
13,62.79999924,321,73.80000305,0
12,62.79999924,319,73.80000305,0
13,63,319,73.80000305,0
13,62.79999924,322,73.80000305,0
13,62.79999924,322,73.80000305,0
13,62.79999924,320,73.80000305,0
12,63,320,73.80000305,0
13,62.70000076,320,73.80000305,0
13,62.79999924,317,73.69999695,0
13,62.70000076,322,73.59999847,0
13,62.70000076,366,73.59999847,0
12,62.59999847,342,73.5,0
13,62.59999847,337,73.40000153,0
13,62.79999924,334,73.5,0
12,62.59999847,337,73.5,0
13,62.5,336,73.5,0
13,62.5,334,73.5,0
13,62.5,335,73.59999847,0
12,62.5,334,73.59999847,0
13,62.70000076,328,73.59999847,0
13,62.70000076,330,73.69999695,0
12,62.59999847,332,73.69999695,0
13,62.59999847,330,73.69999695,0
13,62.70000076,331,73.69999695,0
12,62.70000076,332,73.69999695,0
12,62.79999924,332,73.69999695,0
12,62.79999924,331,73.69999695,0
12,62.79999924,333,73.69999695,0
12,62.79999924,333,73.69999695,0
12,62.79999924,331,73.69999695,0
12,62.79999924,331,73.80000305,0
12,62.79999924,332,73.80000305,0
12,62.79999924,332,73.80000305,0
13,62.90000153,330,73.80000305,0
12,62.70000076,333,73.80000305,0
12,62.70000076,331,73.80000305,0
13,62.59999847,330,73.80000305,0
12,62.79999924,327,73.80000305,0
13,62.59999847,331,73.80000305,0
13,62.59999847,331,73.80000305,0
12,62.59999847,330,73.80000305,0
13,62.59999847,331,73.80000305,0
12,62.59999847,329,73.80000305,0
12,62.59999847,329,73.80000305,0
13,62.59999847,328,73.80000305,0
12,62.79999924,328,73.80000305,0
12,62.59999847,330,73.80000305,0
12,62.70000076,330,73.80000305,0
12,62.70000076,330,73.80000305,0
12,62.70000076,328,73.80000305,0
12,62.79999924,328,73.80000305,0
13,62.79999924,327,73.80000305,0
12,62.90000153,329,73.80000305,0
12,62.79999924,330,73.80000305,0
13,62.79999924,328,73.80000305,0
12,62.79999924,329,73.80000305,0
12,62.79999924,330,73.80000305,0
12,62.90000153,325,73.80000305,0
12,62.70000076,328,73.80000305,0
12,62.70000076,329,73.80000305,0
12,62.59999847,329,73.80000305,0
12,62.79999924,326,73.80000305,0
12,62.59999847,326,73.80000305,0
12,62.59999847,328,73.80000305,0
12,62.59999847,328,73.80000305,0
13,62.59999847,327,73.80000305,0
13,62.70000076,326,73.80000305,0
12,62.59999847,328,73.80000305,0
13,62.59999847,327,73.80000305,0
12,62.59999847,329,73.80000305,0
12,62.59999847,326,73.80000305,0
13,62.70000076,328,73.80000305,0
13,62.70000076,326,73.80000305,0
13,62.70000076,328,73.80000305,0
13,62.90000153,325,73.80000305,0
12,62.79999924,326,73.80000305,0
12,62.79999924,326,73.80000305,0
13,62.79999924,327,73.80000305,0
13,62.79999924,324,73.80000305,0
13,62.79999924,327,73.80000305,0
13,62.79999924,325,73.80000305,0
13,62.70000076,325,73.80000305,0
13,62.70000076,324,73.80000305,0
13,62.70000076,328,73.80000305,0
13,62.59999847,328,73.80000305,0
13,62.79999924,322,73.80000305,0
13,62.59999847,324,73.80000305,0
13,62.59999847,324,73.80000305,0
13,62.5,326,73.80000305,0
13,62.59999847,326,73.80000305,0
13,62.5,326,73.80000305,0
13,62.5,326,73.80000305,0
13,62.70000076,324,73.80000305,0
12,62.59999847,327,73.80000305,0
12,62.59999847,326,73.80000305,0
13,62.59999847,324,73.80000305,0
13,62.59999847,327,73.80000305,0
13,62.70000076,326,73.80000305,0
13,62.70000076,323,73.80000305,0
13,62.79999924,324,73.80000305,0
13,62.79999924,326,73.80000305,0
12,62.79999924,325,73.80000305,0
13,62.79999924,324,73.80000305,0
13,62.79999924,326,73.80000305,0
12,62.79999924,326,73.80000305,0
12,62.79999924,325,73.80000305,0
13,62.79999924,326,73.80000305,0
12,62.79999924,326,73.80000305,0
12,62.70000076,327,73.80000305,0
13,62.70000076,326,73.80000305,0
12,62.70000076,325,73.80000305,0
12,62.59999847,324,73.80000305,0
13,62.59999847,326,73.80000305,0
13,62.59999847,326,73.80000305,0
13,62.59999847,325,73.80000305,0
13,62.59999847,324,73.80000305,0
13,62.5,324,73.80000305,0
13,62.59999847,324,73.80000305,0
12,62.59999847,325,73.80000305,0
12,62.59999847,322,73.80000305,0
13,62.79999924,320,73.80000305,0
13,62.59999847,323,73.80000305,0
13,62.59999847,326,73.80000305,0
13,62.70000076,322,73.80000305,0
13,62.79999924,324,73.80000305,0
12,62.79999924,321,73.80000305,0
13,62.79999924,322,73.80000305,0
13,62.79999924,325,73.80000305,0
12,62.79999924,322,73.80000305,0
12,62.70000076,323,73.80000305,0
13,62.70000076,325,73.80000305,0
13,62.90000153,321,73.80000305,0
13,62.70000076,324,73.80000305,0
13,62.70000076,323,73.80000305,0
12,62.59999847,322,73.69999695,0
13,62.59999847,324,73.69999695,0
13,62.70000076,320,73.69999695,0
13,62.59999847,325,73.69999695,0
13,62.5,323,73.69999695,0
13,62.59999847,323,73.69999695,0
13,62.5,325,73.69999695,0
28,62.5,322,73.69999695,0
49,62.5,323,73.69999695,0
49,62.29999924,324,73.69999695,0
48,62.09999847,324,73.69999695,0
49,61.79999924,324,73.69999695,0
48,61.5,321,73.59999847,0
49,61.20000076,323,73.59999847,0
48,61,323,73.59999847,0
48,60.70000076,320,73.59999847,0
49,60.40000153,320,73.5,0
48,60.20000076,320,73.5,0
49,60.20000076,319,73.5,0
49,59.79999924,322,73.5,0
49,59.5,322,73.5,0
49,59.40000153,323,73.40000153,0
52,59.5,321,73.40000153,0
50,62.70000076,324,73.40000153,0
52,71.09999847,319,73.30000305,0
54,81.40000153,323,73.30000305,0
53,90.40000153,322,73.19999695,0
53,98.30000305,322,73.19999695,0
53,106.0999985,323,73.19999695,0
54,110.9000015,322,73.19999695,0
53,114.8000031,320,73.19999695,0
53,117.1999969,322,73.19999695,0
54,119.1999969,320,73.19999695,0
54,121.0999985,323,73.19999695,0
54,123,322,73.19999695,0
54,124.5,318,73.19999695,0
55,125.3000031,322,73.19999695,0
55,126.3000031,321,73.19999695,0
53,127.1999969,321,73.19999695,0
53,127.9000015,320,73.19999695,0
52,128.3999939,322,73.19999695,0
53,128.8000031,320,73.19999695,0
53,129.1000061,321,73.19999695,0
52,129.5,321,73.19999695,0
52,129.6999969,321,73.19999695,0
52,129.8999939,323,73.19999695,0
52,130,323,73.19999695,0
53,130.1000061,323,73.19999695,0
52,130.1999969,321,73.19999695,0
52,130.3000031,320,73.19999695,0
52,130.3999939,319,73.19999695,0
52,130.6000061,320,73.30000305,0
52,130.6999969,319,73.30000305,0
52,130.8000031,323,73.30000305,0
53,130.6999969,324,73.30000305,0
52,130.8999939,322,73.40000153,0
52,130.8999939,323,73.40000153,0
52,131.3000031,318,73.40000153,0
52,131,323,73.40000153,0
52,131,323,73.5,0
52,131,320,73.5,0
52,131.1999969,320,73.5,0
52,131.3000031,322,73.59999847,0
53,131.1999969,321,73.59999847,0
52,131.3000031,320,73.59999847,0
52,131.5,323,73.69999695,0
53,131.6000061,322,73.69999695,0
52,131.8000031,321,73.69999695,0
51,132.1000061,324,73.80000305,0
51,132.6999969,318,73.80000305,0
51,132.6000061,320,73.80000305,0
51,132.6999969,322,73.80000305,0
51,132.8999939,319,73.80000305,0
51,132.8999939,322,73.80000305,0
51,132.8000031,321,73.80000305,0
52,132.6999969,321,73.80000305,0
52,132.6000061,322,73.80000305,0
52,132.6000061,321,73.80000305,0
51,132.8000031,322,73.80000305,0
51,132.8000031,320,73.80000305,0
52,132.8999939,321,73.80000305,0
51,132.8999939,322,73.80000305,0
52,133.1999969,320,73.80000305,0
51,132.8000031,320,73.80000305,0
52,132.6000061,321,73.80000305,0
51,132.6000061,320,73.80000305,0
51,132.8999939,321,73.80000305,0
52,132.6000061,322,73.80000305,0
51,132.5,323,73.80000305,0
52,132.8000031,321,73.80000305,0
51,132.5,323,73.80000305,0
51,132.6000061,323,73.90000153,0
51,132.5,322,73.90000153,0
52,132.1999969,321,73.90000153,0
52,132,319,73.90000153,0
52,131.6000061,322,74,0
52,131.1999969,319,74,0
52,130.8000031,321,74,0
52,130.6000061,322,74.09999847,0
52,130.6999969,323,74.09999847,0
52,130.8999939,323,74.09999847,0
52,131.3000031,322,74.09999847,0
51,131.8000031,321,74.19999695,0
51,132,320,74.19999695,0
51,132.1999969,320,74.19999695,0
52,132,320,74.19999695,0
52,131.6000061,319,74.19999695,0
51,131.1999969,319,74.19999695,0
51,130.8000031,321,74.19999695,0
51,130.3999939,320,74.19999695,0
51,130.1000061,322,74.19999695,0
51,130.1999969,320,74.19999695,0
52,130.6000061,320,74.19999695,0
51,130.8999939,322,74.19999695,0
52,131.3999939,322,74.09999847,0
52,131.8000031,322,74.09999847,0
51,132.1999969,323,74.09999847,0
52,132.1999969,322,74.09999847,0
52,132.3999939,321,74.09999847,0
52,131.6999969,323,74.09999847,0
52,131.5,319,74.09999847,0
51,130.5,319,74.09999847,0
51,129.8999939,322,74.09999847,0
52,129.1999969,322,74.09999847,0
52,129,319,74.09999847,0
52,128.1000061,321,74.09999847,0
51,127.8000031,322,74.19999695,0
51,127.6999969,323,74.19999695,0
52,127.6999969,322,74.19999695,0
51,127.6999969,324,74.19999695,0
52,127.8000031,322,74.30000305,0
52,128.1000061,323,74.30000305,0
51,128.6000061,323,74.30000305,0
53,129,321,74.30000305,0
52,129.6000061,321,74.40000153,0
51,130.1999969,325,74.40000153,0
51,130.6999969,325,74.40000153,0
52,131.1000061,324,74.40000153,0
52,131.5,324,74.5,0
52,131.8999939,323,74.5,0
51,132.3000031,324,74.5,0
51,132.8000031,323,74.5,0
52,133.1999969,321,74.5,0
52,133.1999969,325,74.5,0
51,133.3999939,324,74.5,0
51,133.3999939,321,74.5,0
52,133.1999969,323,74.5,0
51,133.1000061,324,74.5,0
51,132.8999939,325,74.5,0
51,132.6999969,324,74.5,0
51,132.3000031,322,74.40000153,0
51,132,325,74.40000153,0
51,131.6000061,325,74.40000153,0
52,131.6000061,320,74.40000153,0
52,130.8000031,325,74.40000153,0
51,130.6000061,324,74.40000153,0
51,130.6000061,325,74.40000153,0
51,130.6000061,323,74.40000153,0
52,130.8000031,321,74.40000153,0
52,131.1000061,321,74.40000153,0
51,131,322,74.40000153,0
52,131.3999939,324,74.40000153,0
51,131.8000031,322,74.40000153,0
52,132.1000061,326,74.40000153,0
52,132.3000031,324,74.5,0
52,132.5,322,74.5,0
53,132.5,325,74.5,0
52,132.3999939,322,74.5,0
51,132.1999969,322,74.59999847,0
51,131.8999939,322,74.59999847,0
51,131.6000061,323,74.59999847,0
51,131.3000031,323,74.59999847,0
51,130.8000031,323,74.69999695,0
51,130.3000031,322,74.69999695,0
52,129.5,323,74.69999695,0
51,128.8000031,321,74.69999695,0
51,128.3000031,324,74.69999695,0
51,127.5999985,322,74.69999695,0
52,126.9000015,324,74.69999695,0
51,126.6999969,320,74.69999695,0
51,125.5999985,324,74.69999695,0
51,125.0999985,324,74.69999695,0
52,124.6999969,322,74.69999695,0
52,123.9000015,322,74.59999847,0
52,123.5,323,74.59999847,0
52,123.1999969,324,74.59999847,0
51,122.8000031,322,74.59999847,0
51,122.3000031,323,74.59999847,0
52,121.5999985,325,74.59999847,0
52,121,321,74.5,0
52,120.4000015,322,74.5,0
51,120.1999969,322,74.5,0
51,119.9000015,322,74.5,0
52,119.5999985,324,74.5,0
52,119,324,74.5,0
51,118.3000031,325,74.5,0
52,117.6999969,325,74.5,0
52,117,322,74.5,0
51,116,323,74.5,0
52,114.6999969,321,74.59999847,0
52,112.4000015,322,74.59999847,0
51,110.3000031,320,74.59999847,0
52,107.5,323,74.59999847,0
53,103.1999969,323,74.59999847,0
52,98.59999847,322,74.69999695,0
52,93.90000153,321,74.69999695,0
52,88.59999847,324,74.69999695,0
52,84.09999847,324,74.69999695,0
52,80.30000305,324,74.69999695,0
48,77.30000305,323,74.80000305,0
34,75.80000305,319,74.80000305,0
35,74.69999695,322,74.80000305,0
35,73.80000305,321,74.80000305,0
36,73,322,74.80000305,0
37,72.09999847,323,74.80000305,0
37,71.40000153,324,74.80000305,0
37,70.90000153,321,74.80000305,0
37,70.19999695,323,74.69999695,0
37,69.69999695,324,74.69999695,0
37,69.30000305,322,74.69999695,0
37,68.59999847,324,74.69999695,0
37,68.30000305,326,74.59999847,0
38,67.90000153,326,74.59999847,0
37,67.5,326,74.59999847,0
37,67.19999695,324,74.59999847,0
37,67,321,74.5,0
38,66.59999847,324,74.5,0
37,66.19999695,325,74.5,0
37,66,325,74.5,0
37,65.80000305,322,74.5,0
37,65.40000153,325,74.5,0
38,65.09999847,322,74.5,0
37,64.80000305,324,74.5,0
37,64.5,324,74.5,0
37,64.30000305,324,74.5,0
37,64,325,74.5,0
37,63.79999924,325,74.5,0
38,63.5,324,74.5,0
38,63.29999924,325,74.5,0
37,63,326,74.5,0
37,62.90000153,325,74.5,0
37,62.79999924,323,74.5,0
37,62.5,324,74.5,0
38,62.40000153,325,74.40000153,0
37,62.20000076,324,74.40000153,0
37,62.20000076,326,74.40000153,0
38,62.09999847,324,74.40000153,0
37,62,325,74.40000153,0
37,62.09999847,323,74.30000305,0
38,61.90000153,324,74.30000305,0
37,61.90000153,324,74.30000305,0
37,62,324,74.19999695,0
37,61.70000076,326,74.19999695,0
37,61.90000153,323,74.19999695,0
37,61.79999924,320,74.09999847,0
38,61.70000076,324,74.09999847,0
37,61.70000076,326,74.09999847,0
38,61.59999847,326,74.09999847,0
38,61.59999847,325,74.09999847,0
37,61.5,323,74.09999847,0
38,61.5,324,74.09999847,0
37,61.5,320,74.09999847,0
37,61.29999924,325,74,0
37,61.20000076,326,74,0
38,61.09999847,326,74,0
37,61,324,74,0
37,60.90000153,321,74,0
37,60.90000153,324,74,0
38,60.79999924,322,74,0
38,60.70000076,324,74,0
38,60.59999847,323,74,0
38,60.5,322,74.09999847,0
38,60.40000153,325,74.09999847,0
38,60.40000153,321,74.09999847,0
38,60.29999924,325,74.09999847,0
37,60.20000076,323,74,0
37,60.20000076,326,74,0
38,60.20000076,325,74,0
38,60.20000076,324,74,0
38,60.20000076,326,74,0
38,60.20000076,325,74,0
38,60.20000076,324,74,0
38,60.29999924,322,74,0
38,60.20000076,326,74,0
38,60.20000076,327,73.90000153,0
44,60.29999924,326,73.90000153,0
48,60.20000076,326,73.90000153,0
53,60.29999924,324,73.90000153,0
54,60.09999847,325,73.90000153,0
53,60,324,73.80000305,0
54,59.90000153,327,73.80000305,0
53,59.90000153,325,73.80000305,0
53,59.79999924,327,73.80000305,0
53,59.70000076,324,73.69999695,0
53,59.70000076,324,73.69999695,0
53,59.59999847,325,73.69999695,0
53,59.5,325,73.69999695,0
54,59.70000076,326,73.69999695,0
53,60,325,73.69999695,0
53,60.5,324,73.59999847,0
53,61.5,325,73.59999847,0
53,64,326,73.59999847,0
53,68.19999695,325,73.59999847,0
53,74.5,324,73.59999847,0
53,81.19999695,324,73.59999847,0
54,87.19999695,325,73.59999847,0
53,92.09999847,326,73.59999847,0
53,95.59999847,323,73.59999847,0
53,98,326,73.59999847,0
53,99.90000153,325,73.69999695,0
53,101.1999969,324,73.69999695,0
53,102,326,73.69999695,0
53,102.5,324,73.69999695,0
53,103,326,73.69999695,0
52,104.0999985,321,73.69999695,0
53,104.6999969,323,73.69999695,0
54,105.5999985,323,73.69999695,0
54,106.4000015,325,73.69999695,0
54,107.4000015,325,73.69999695,0
53,108.1999969,324,73.69999695,0
54,109.5999985,321,73.69999695,0
54,110.5999985,324,73.69999695,0
54,112,325,73.69999695,0
54,113.6999969,324,73.69999695,0
54,115.8000031,321,73.69999695,0
53,117.3000031,326,73.69999695,0
54,118.9000015,324,73.69999695,0
53,120.4000015,322,73.69999695,0
54,121.4000015,325,73.69999695,0
54,122.3000031,324,73.69999695,0
54,123,326,73.69999695,0
54,123.9000015,325,73.80000305,0
54,124.3000031,326,73.80000305,0
54,124.5999985,325,73.80000305,0
54,124.9000015,326,73.80000305,0
53,125.4000015,326,73.90000153,0
53,125.5999985,327,73.90000153,0
54,125.8000031,325,73.90000153,0
54,126.5999985,323,73.90000153,0
53,126.6999969,325,74,0
54,127.0999985,326,74,0
54,127.3000031,325,74,0
55,127.4000015,323,74.09999847,0
53,127.5,324,74.09999847,0
51,127.8000031,323,74.09999847,0
51,128,324,74.09999847,0
52,128.1000061,326,74.09999847,0
52,128.1000061,323,74.19999695,0
52,127.6999969,326,74.19999695,0
52,127.5999985,323,74.19999695,0
51,127.4000015,326,74.09999847,0
51,127.4000015,326,74.09999847,0
52,127.4000015,325,74.09999847,0
51,127.5999985,323,74.09999847,0
51,127.5999985,324,74.09999847,0
52,127.5999985,325,74.09999847,0
51,127.5999985,325,74.09999847,0
52,127.9000015,324,74.09999847,0
52,127.5999985,326,74.09999847,0
52,127.8000031,324,74.09999847,0
51,128.1999969,321,74.09999847,0
52,127.9000015,325,74.09999847,0
52,127.8000031,323,74.09999847,0
51,127.9000015,325,74.09999847,0
52,128,325,74.09999847,0
52,127.9000015,326,74.19999695,0
53,128.1999969,321,74.19999695,0
51,127.9000015,324,74.19999695,0
51,128.1000061,325,74.19999695,1
52,128.3999939,322,74.19999695,1
52,128.1999969,327,74.19999695,1
51,128.1999969,328,74.30000305,1
52,127.9000015,332,74.30000305,1
52,127.4000015,333,74.30000305,1
51,126.9000015,338,74.40000153,1
53,126,351,74.40000153,1
53,125.0999985,352,74.40000153,1
52,124.4000015,350,74.5,1
51,123.5,349,74.5,1
52,122.8000031,350,74.5,1
52,121.8000031,352,74.5,1
52,120.9000015,352,74.59999847,1
51,119.6999969,350,74.59999847,1
52,118.3000031,352,74.59999847,1
51,117.1999969,351,74.59999847,1
51,116.3000031,351,74.59999847,1
52,115.0999985,351,74.59999847,1
52,113.5999985,351,74.59999847,1
52,112.1999969,350,74.59999847,1
51,110.8000031,348,74.59999847,1
51,109.1999969,348,74.59999847,1
52,107.3000031,350,74.59999847,1
52,105.1999969,350,74.59999847,1
51,101.5,349,74.5,1
51,97.90000153,352,74.5,1
52,95.09999847,354,74.40000153,1
52,92.69999695,349,74.40000153,1
52,90.80000305,345,74.40000153,1
51,88.90000153,344,74.40000153,1
52,86.69999695,340,74.40000153,1
52,84.40000153,340,74.5,1
52,81.40000153,342,74.5,1
53,78.30000305,340,74.5,1
53,75.5,339,74.5,1
53,73.09999847,338,74.5,1
52,71.09999847,338,74.5,1
52,69.69999695,331,74.59999847,1
52,68.19999695,333,74.59999847,1
53,67.19999695,334,74.59999847,1
53,66.40000153,331,74.59999847,1
53,65.59999847,334,74.59999847,1
52,64.80000305,336,74.59999847,1
45,64.30000305,334,74.59999847,1
35,64.30000305,334,74.59999847,1
35,64.19999695,333,74.59999847,1
35,64.19999695,332,74.59999847,1
37,64.30000305,330,74.59999847,1
37,64,330,74.59999847,1
37,63.90000153,329,74.5,1
36,63.70000076,330,74.5,1
37,63.59999847,329,74.5,1
37,63.40000153,327,74.5,1
37,63.29999924,328,74.5,1
37,63.09999847,329,74.5,1
37,63.20000076,324,74.40000153,1
36,63.09999847,323,74.40000153,1
37,62.79999924,328,74.40000153,1
37,62.59999847,327,74.40000153,1
37,62.5,324,74.40000153,1
37,62.40000153,328,74.40000153,1
37,62.29999924,325,74.40000153,1
38,62.20000076,322,74.30000305,1
37,62.09999847,327,74.30000305,1
37,62,325,74.30000305,1
38,61.79999924,323,74.30000305,1
37,62,321,74.30000305,1
37,61.70000076,322,74.30000305,1
38,61.70000076,324,74.30000305,1
38,61.59999847,325,74.30000305,1
37,61.5,322,74.30000305,1
37,61.5,323,74.30000305,1
37,61.5,322,74.30000305,1
38,61.40000153,323,74.30000305,1
38,61.29999924,323,74.30000305,1
37,61.40000153,321,74.30000305,1
37,61.20000076,323,74.30000305,1
37,61.40000153,321,74.30000305,1
37,61.09999847,323,74.30000305,1
37,61.09999847,323,74.30000305,1
37,61.09999847,323,74.30000305,1
37,61.09999847,323,74.30000305,1
37,61,324,74.30000305,1
37,61,324,74.30000305,1
37,61,323,74.30000305,1
37,61,323,74.19999695,1
37,60.90000153,325,74.19999695,1
38,60.90000153,320,74.19999695,1
37,60.90000153,320,74.19999695,1
37,60.90000153,322,74.19999695,1
38,60.79999924,325,74.19999695,1
37,60.79999924,321,74.09999847,1
38,60.79999924,324,74.09999847,1
37,60.70000076,324,74.09999847,1
37,60.70000076,323,74.09999847,1
37,60.59999847,321,74.09999847,1
37,60.70000076,319,74.09999847,1
37,60.5,320,74.09999847,1
37,60.70000076,318,74.09999847,1
37,60.5,322,74.09999847,1
37,60.70000076,321,74.09999847,1
37,60.5,321,74.09999847,1
37,60.5,323,74.09999847,1
37,60.59999847,319,74.09999847,1
38,60.40000153,321,74.09999847,1
38,60.40000153,322,74.09999847,1
37,60.40000153,319,74.09999847,1
37,60.29999924,322,74.09999847,1
38,60.29999924,321,74.09999847,1
37,60.40000153,319,74.09999847,1
37,60.29999924,322,74.09999847,1
37,60.20000076,320,74.09999847,1
37,60.40000153,318,74.09999847,1
37,60.20000076,319,74.09999847,1
38,60.29999924,318,74.09999847,1
37,60.09999847,320,74,1
38,60.09999847,322,74,1
38,60.09999847,324,74,1
38,60.20000076,318,74,1
37,60.09999847,320,74,1
37,60.09999847,321,74,1
37,60,319,74,1
37,60,322,74,1
37,60.09999847,322,74,1
37,60.20000076,318,74,1
37,60,322,74,1
37,60,321,74,1
37,59.90000153,321,74,1
38,59.90000153,319,74,1
38,59.90000153,323,74,1
39,59.90000153,320,73.90000153,1
47,59.79999924,318,73.90000153,0
43,59.70000076,321,73.90000153,0
35,59.70000076,323,73.90000153,0
36,59.90000153,323,74,0
36,59.70000076,326,74,0
35,59.70000076,329,74,0
36,59.70000076,331,74,0
35,59.70000076,331,74,0
36,59.70000076,333,74,0
36,59.70000076,338,74,0
36,59.70000076,340,74.09999847,0
36,59.70000076,339,74.09999847,0
36,59.70000076,342,74.09999847,0
36,59.59999847,343,74.09999847,0
35,59.79999924,343,74.09999847,0
36,59.70000076,344,74.09999847,0
35,59.79999924,342,74.09999847,0
36,59.59999847,348,74.09999847,0
36,59.59999847,352,74.09999847,0
36,59.59999847,350,74.09999847,0
36,59.59999847,350,74.09999847,0
37,59.59999847,349,74.09999847,0
37,59.59999847,349,74.09999847,0
37,59.59999847,347,74.09999847,0
36,59.59999847,344,74,0
37,59.79999924,343,74,0
37,59.70000076,345,74,0
37,59.79999924,343,74,0
37,59.70000076,350,74,0
37,59.70000076,351,74,0
37,59.79999924,353,74,0
37,59.79999924,353,74,0
37,59.79999924,348,74,0
37,59.79999924,350,74,0
36,60,348,74,0
36,59.79999924,350,74,0
36,59.79999924,349,74,0
37,60.09999847,346,74,0
37,59.90000153,352,74,0
37,59.90000153,353,74.09999847,0
37,60,348,74.09999847,0
36,59.90000153,352,74.09999847,0
37,60.09999847,350,74.09999847,0
37,60.09999847,348,74.09999847,0
37,60,352,74.09999847,0
37,60,354,74.09999847,0
37,60,357,74.09999847,0
36,60,360,74.09999847,0
36,60,359,74.09999847,0
37,60,358,74.09999847,0
36,60,359,74.09999847,0
37,60,356,74,0
37,60,354,74,0
37,60,355,74,0
37,59.90000153,356,74,0
37,60,356,74,0
37,59.90000153,354,74,0
37,59.90000153,350,74,0
37,59.90000153,347,74,0
37,60,350,74,0
36,60,350,74,0
37,59.90000153,352,74,0
37,59.90000153,352,74,0
36,59.90000153,351,74,0
37,59.90000153,350,74,0
37,59.90000153,353,74,0
37,59.90000153,351,74,0
37,59.90000153,351,74,0
37,59.90000153,351,74,0
37,60.09999847,349,74,0
37,59.79999924,351,74,0
36,59.90000153,350,74,0
37,59.79999924,353,74,0
37,59.79999924,356,74,0
37,59.90000153,359,74,0
37,59.79999924,363,74,0
37,59.79999924,364,74,0
37,60,364,74,0
37,59.70000076,367,74.09999847,0
37,59.79999924,369,74.09999847,0
37,59.70000076,370,74.09999847,0
37,59.79999924,371,74.09999847,0
37,59.79999924,374,74.09999847,0
37,59.79999924,373,74.09999847,0
37,59.79999924,372,74.09999847,0
37,60,370,74.09999847,0
37,59.79999924,373,74.09999847,0
37,60,368,74.09999847,0
37,59.79999924,371,74.09999847,0
36,59.79999924,371,74,1
37,59.90000153,371,74,1
37,60.09999847,368,74,1
37,59.90000153,370,74,0
37,59.90000153,373,74,0
36,59.90000153,371,74,0
36,59.79999924,366,74,0
36,59.79999924,366,74,0
36,59.70000076,367,74.09999847,0
36,59.70000076,370,74.09999847,0
36,59.79999924,368,74.09999847,0
36,59.59999847,372,74.09999847,1
36,59.59999847,383,74,1
36,59.59999847,381,74.09999847,1
37,59.5,379,74.09999847,1
36,59.5,375,74.09999847,1
36,59.5,371,74.09999847,0
37,59.5,378,74.09999847,0
37,59.5,385,74.09999847,0
37,59.5,384,74.09999847,0
37,59.59999847,382,74.09999847,0
37,59.59999847,379,74.09999847,0
37,59.59999847,376,74.09999847,0
38,59.70000076,377,74.19999695,0
37,59.90000153,372,74.19999695,0
37,59.70000076,373,74.19999695,0
37,59.79999924,375,74.19999695,0
37,59.79999924,376,74.19999695,0
37,59.79999924,373,74.19999695,0
38,59.79999924,374,74.19999695,0
37,60.09999847,371,74.09999847,0
36,59.90000153,377,74.09999847,0
37,59.90000153,375,74.09999847,0
37,59.90000153,372,74.09999847,0
37,59.90000153,373,74.09999847,0
37,59.90000153,370,74.09999847,0
37,59.90000153,374,74.09999847,0
37,59.90000153,374,74.09999847,0
37,59.90000153,375,74.09999847,0
37,59.79999924,374,74.09999847,0
37,60.09999847,380,74.09999847,0
37,59.79999924,382,74.09999847,0
37,59.79999924,380,74.09999847,0
37,60,375,74.09999847,0
37,59.79999924,378,74.19999695,0
38,59.79999924,376,74.19999695,0
38,59.79999924,376,74.19999695,0
37,59.79999924,378,74.19999695,0
37,59.79999924,379,74.19999695,0
38,59.79999924,377,74.19999695,0
37,59.90000153,383,74.19999695,0
37,59.79999924,385,74.19999695,0
37,59.90000153,386,74.19999695,0
37,59.79999924,384,74.19999695,0
37,59.90000153,387,74.19999695,0
37,59.79999924,388,74.30000305,0
37,59.79999924,391,74.30000305,0
37,59.90000153,387,74.30000305,0
36,59.79999924,393,74.30000305,0
37,59.79999924,391,74.30000305,0
37,59.90000153,387,74.30000305,0
37,59.79999924,390,74.30000305,0
37,59.90000153,388,74.30000305,0
37,59.70000076,386,74.30000305,0
38,59.70000076,387,74.30000305,0
38,59.70000076,388,74.30000305,0
37,59.59999847,390,74.30000305,0
38,59.59999847,389,74.30000305,0
38,59.59999847,392,74.30000305,0
38,59.5,391,74.30000305,0
38,59.5,386,74.19999695,2
38,59.40000153,389,74.19999695,2
37,59.40000153,390,74.19999695,2
38,59.40000153,391,74.19999695,2
38,59.40000153,386,74.19999695,2
36,59.29999924,383,74.19999695,1
36,59.20000076,386,74.19999695,1
36,59.29999924,388,74.19999695,1
36,59.29999924,385,74.19999695,1
37,59.29999924,388,74.19999695,1
37,59.40000153,390,74.19999695,1
36,59.40000153,389,74.19999695,1
37,59.5,389,74.19999695,1
38,59.40000153,389,74.30000305,1
38,59.5,389,74.30000305,1
37,59.70000076,389,74.30000305,1
37,59.5,394,74.30000305,1
38,59.59999847,397,74.30000305,1
38,59.59999847,396,74.30000305,1
37,59.59999847,393,74.30000305,1
37,59.59999847,391,74.30000305,1
37,59.79999924,388,74.30000305,1
37,59.59999847,391,74.30000305,1
37,59.59999847,392,74.30000305,1
37,59.70000076,389,74.30000305,1
37,59.70000076,390,74.30000305,1
37,59.70000076,393,74.19999695,1
37,59.70000076,393,74.19999695,1
37,59.79999924,393,74.19999695,1
37,59.70000076,395,74.19999695,1
37,59.79999924,391,74.19999695,1
37,59.70000076,395,74.19999695,1
37,59.70000076,395,74.19999695,1
37,59.70000076,397,74.19999695,1
37,59.70000076,396,74.19999695,1
37,59.70000076,397,74.19999695,1
37,59.70000076,399,74.19999695,1
37,59.70000076,399,74.19999695,1
37,59.59999847,398,74.19999695,1
37,59.79999924,395,74.19999695,1
37,59.90000153,396,74.19999695,1
37,59.70000076,400,74.19999695,1
37,59.70000076,401,74.19999695,1
37,59.70000076,398,74.19999695,1
36,59.79999924,400,74.19999695,1
36,59.79999924,400,74.19999695,1
37,59.79999924,399,74.30000305,1
37,59.90000153,403,74.30000305,1
37,59.90000153,402,74.30000305,1
36,59.90000153,401,74.30000305,1
37,59.90000153,403,74.30000305,1
36,60.20000076,400,74.30000305,1
36,60,404,74.30000305,1
36,60,401,74.30000305,1
37,60,397,74.30000305,1
37,60,399,74.30000305,1
37,60,399,74.30000305,1
37,60.09999847,399,74.30000305,1
37,59.90000153,400,74.30000305,1
36,59.90000153,399,74.30000305,1
36,59.79999924,399,74.19999695,1
36,59.79999924,398,74.19999695,1
36,59.79999924,400,74.19999695,1
36,59.70000076,398,74.19999695,2
36,59.70000076,398,74.19999695,2
36,59.79999924,398,74.19999695,2
37,59.59999847,398,74.19999695,2
37,59.59999847,395,74.19999695,2
36,59.59999847,393,74.19999695,2
37,59.5,393,74.19999695,2
37,59.59999847,387,74.19999695,2
36,59.40000153,388,74.19999695,2
37,59.5,387,74.19999695,2
37,59.40000153,386,74.19999695,2
37,59.40000153,386,74.30000305,2
38,59.5,385,74.19999695,2
38,59.5,383,74.19999695,2
38,59.5,381,74.19999695,2
38,59.5,383,74.19999695,2
37,59.59999847,379,74.19999695,3
37,59.59999847,383,74.19999695,3
37,59.59999847,381,74.19999695,3
37,59.70000076,381,74.19999695,3
37,59.70000076,380,74.19999695,3
38,59.70000076,379,74.19999695,2
38,59.90000153,374,74.09999847,2
37,59.79999924,375,74.19999695,2
37,59.79999924,375,74.09999847,2
37,59.90000153,372,74.09999847,2
37,60,372,74.09999847,2
37,59.79999924,376,74.09999847,2
37,59.79999924,376,74.09999847,2
38,59.79999924,376,74.09999847,2
38,60,370,74.09999847,2
37,59.79999924,374,74.09999847,2
38,59.79999924,375,74.09999847,2
37,59.79999924,373,74.09999847,2
38,59.90000153,372,74.09999847,2
37,59.79999924,373,74.09999847,2
37,59.79999924,371,74.09999847,2
37,59.79999924,373,74.09999847,2
37,59.79999924,373,74.09999847,2
37,59.70000076,371,74.09999847,2
37,59.70000076,374,74.09999847,2
37,59.70000076,373,74.09999847,2
37,59.59999847,373,74.09999847,2
37,59.59999847,376,74.09999847,2
37,59.5,374,74.09999847,2
37,59.5,374,74.09999847,2
37,59.59999847,372,74.09999847,2
36,59.40000153,377,74.09999847,2
36,59.40000153,378,74.09999847,2
37,59.40000153,379,74.09999847,2
37,59.29999924,375,74.09999847,2
37,59.5,378,74.09999847,1
37,59.5,377,74.09999847,1
37,59.59999847,378,74.09999847,1
36,59.40000153,383,74.09999847,1
36,59.5,385,74.09999847,1
37,59.70000076,381,74.09999847,1
37,59.70000076,383,74.09999847,1
37,59.59999847,387,74.09999847,1
37,59.79999924,384,74.09999847,1
37,59.59999847,386,74.09999847,1
38,59.70000076,387,74.09999847,1
38,59.90000153,385,74.09999847,1
36,59.79999924,389,74.09999847,1
38,59.79999924,387,74.09999847,1
38,59.90000153,391,74.09999847,1
37,60,389,74.09999847,1
37,59.90000153,392,74.09999847,1
37,59.90000153,393,74.09999847,1
37,60,395,74.09999847,1
37,60,396,74.19999695,1
38,59.90000153,393,74.19999695,1
38,59.90000153,400,74.19999695,1
37,59.79999924,405,74.19999695,1
37,59.79999924,402,74.19999695,1
37,59.79999924,402,74.19999695,1
37,59.70000076,402,74.19999695,1
37,59.70000076,404,74.19999695,1
37,59.70000076,402,74.30000305,1
37,59.70000076,399,74.30000305,1
37,59.59999847,400,74.19999695,1
37,59.5,400,74.19999695,1
37,59.5,402,74.19999695,1
36,59.40000153,401,74.19999695,1
36,59.40000153,396,74.19999695,1
37,59.40000153,394,74.19999695,1
37,59.29999924,399,74.19999695,1
37,59.29999924,400,74.19999695,1
36,59.29999924,399,74.19999695,1
37,59.40000153,395,74.19999695,1
37,59.40000153,393,74.19999695,1
37,59.40000153,393,74.19999695,1
37,59.40000153,393,74.19999695,1
37,59.5,394,74.19999695,1
37,59.40000153,396,74.19999695,1
37,59.40000153,391,74.19999695,1
36,59.5,390,74.19999695,1
37,59.5,388,74.19999695,1
37,59.5,387,74.30000305,1
36,59.40000153,390,74.30000305,1
36,59.5,395,74.30000305,1
37,59.59999847,395,74.30000305,1
37,59.5,395,74.30000305,1
37,59.5,396,74.30000305,1
37,59.5,397,74.30000305,1
37,59.59999847,397,74.30000305,1
37,59.59999847,394,74.30000305,1
37,59.59999847,394,74.30000305,1
37,59.59999847,393,74.30000305,1
36,59.59999847,392,74.30000305,1
37,59.59999847,390,74.30000305,1
37,59.59999847,385,74.30000305,1
37,59.79999924,382,74.30000305,1
36,59.59999847,384,74.19999695,1
37,59.70000076,382,74.19999695,1
37,59.70000076,381,74.19999695,1
37,59.90000153,378,74.19999695,1
37,59.70000076,377,74.19999695,1
37,59.70000076,377,74.19999695,1
37,59.70000076,375,74.19999695,1
37,59.70000076,373,74.19999695,1
36,59.70000076,371,74.19999695,1
37,59.70000076,369,74.19999695,1
37,59.70000076,368,74.19999695,1
37,59.70000076,368,74.09999847,1
37,59.70000076,369,74.09999847,1
37,59.70000076,367,74.09999847,1
36,59.70000076,368,74.09999847,1
36,59.90000153,366,74.09999847,1
36,59.70000076,370,74.09999847,1
36,59.70000076,366,74.09999847,1
37,59.70000076,369,74.09999847,1
36,59.59999847,368,74.19999695,1
37,59.70000076,369,74.19999695,1
36,59.59999847,369,74.19999695,1
36,59.59999847,369,74.19999695,1
36,59.59999847,370,74.19999695,1
37,59.70000076,367,74.19999695,1
36,59.59999847,368,74.19999695,1
36,59.59999847,363,74.19999695,1
36,59.59999847,364,74.19999695,1
36,59.5,362,74.19999695,1
36,59.5,361,74.19999695,1
36,59.5,362,74.19999695,1
37,59.59999847,361,74.19999695,1
37,59.5,364,74.09999847,1
36,59.5,364,74.09999847,1
36,59.5,364,74.09999847,1
37,59.5,363,74.09999847,1
37,59.5,362,74.09999847,1
36,59.59999847,357,74.09999847,1
36,59.59999847,354,74.09999847,1
36,59.59999847,354,74.09999847,1
37,59.59999847,354,74.09999847,1
37,59.59999847,355,74.09999847,1
36,59.70000076,354,74.09999847,1
37,59.90000153,351,74.09999847,1
36,59.70000076,355,74.09999847,1
37,59.79999924,354,74.09999847,1
37,59.79999924,351,74.09999847,1
37,59.90000153,353,74.09999847,1
36,59.90000153,351,74.09999847,1
37,60,352,74.09999847,1
37,60,350,74.09999847,1
37,60,352,74.09999847,1
37,60,351,74.09999847,1
37,60,354,74.09999847,1
37,60,353,74.09999847,1
37,60,353,74.09999847,1
37,59.90000153,356,74.09999847,1
37,59.90000153,358,74.09999847,1
37,59.90000153,359,74.09999847,1
37,59.79999924,361,74.09999847,1
37,59.79999924,361,74.09999847,1
37,59.70000076,360,74.09999847,1
36,59.70000076,361,74.09999847,1
37,59.59999847,361,74.09999847,1
37,59.70000076,356,74.09999847,1
37,59.5,359,74.09999847,1
37,59.40000153,358,74.09999847,1
37,59.40000153,358,74.09999847,1
37,59.40000153,356,74.09999847,1
37,59.40000153,357,74.09999847,1
37,59.40000153,356,74.09999847,1
38,59.40000153,356,74.09999847,1
38,59.40000153,357,74.09999847,1
37,59.59999847,354,74.09999847,1
37,59.40000153,357,74,1
37,59.70000076,355,74,1
37,59.5,357,74,1
38,59.5,356,74,1
37,59.5,357,74,1
37,59.5,355,74,1
37,59.59999847,357,74,1
37,59.5,357,74.09999847,1
37,59.5,359,74.09999847,1
37,59.5,355,74.09999847,1
37,59.5,356,74.09999847,1
37,59.5,356,74.09999847,1
37,59.5,359,74.09999847,1
36,59.5,357,74.09999847,1
37,59.5,357,74.09999847,1
38,59.5,356,74.09999847,1
37,59.59999847,357,74.09999847,1
37,59.59999847,358,74.09999847,1
37,59.59999847,357,74.09999847,1
37,59.59999847,359,74.09999847,1
37,59.59999847,356,74.09999847,1
37,59.59999847,358,74.09999847,1
38,59.70000076,358,74.09999847,1
38,59.70000076,357,74.09999847,1
37,59.70000076,358,74.09999847,1
37,59.79999924,354,74.09999847,1
37,59.70000076,357,74.09999847,1
37,59.79999924,359,74.09999847,1
37,59.70000076,358,74.09999847,1
37,59.70000076,355,74,2
37,59.79999924,357,73.90000153,2
37,59.79999924,358,73.69999695,2
37,59.79999924,358,73.59999847,2
36,59.79999924,360,73.5,2
36,59.90000153,361,73.40000153,2
37,59.90000153,359,73.30000305,2
37,59.90000153,358,73.19999695,2
37,59.90000153,361,73.09999847,2
37,59.90000153,365,73.09999847,1
37,59.90000153,362,73.19999695,1
37,60,356,73.19999695,1
37,60,356,73.30000305,1
37,59.79999924,355,73.30000305,1
37,59.79999924,355,73.40000153,1
37,59.79999924,356,73.5,1
37,59.79999924,356,73.5,1
37,59.70000076,356,73.59999847,1
37,59.70000076,359,73.59999847,1
37,59.59999847,360,73.69999695,1
37,59.59999847,359,73.69999695,1
38,59.59999847,358,73.69999695,1
37,59.5,360,73.69999695,1
37,59.5,360,73.80000305,1
37,59.5,359,73.80000305,1
37,59.40000153,358,73.80000305,1
37,59.40000153,358,73.80000305,1
37,59.40000153,358,73.80000305,1
37,59.29999924,358,73.80000305,1
37,59.29999924,357,73.80000305,1
37,59.29999924,359,73.80000305,1
37,59.29999924,358,73.90000153,1
37,59.29999924,358,73.90000153,1
38,59.29999924,358,73.80000305,1
38,59.40000153,357,73.80000305,1
37,59.40000153,358,73.80000305,1
37,59.5,357,73.80000305,1
37,59.5,357,73.80000305,1
38,59.5,357,73.90000153,1
38,59.59999847,357,73.90000153,1
38,59.59999847,356,73.90000153,1
37,59.59999847,355,73.90000153,1
37,59.59999847,357,73.90000153,1
37,59.70000076,357,73.90000153,1
37,59.70000076,358,73.90000153,1
37,59.79999924,356,73.90000153,1
38,59.79999924,357,73.90000153,1
37,59.79999924,356,73.90000153,1
37,59.79999924,357,73.90000153,1
37,59.79999924,358,73.90000153,1
37,59.90000153,360,73.90000153,1
37,59.90000153,359,74,1
36,59.79999924,362,74,1
36,59.79999924,365,74,1
37,59.79999924,367,74,1
37,59.79999924,371,74,1
37,59.79999924,372,74,1
36,59.70000076,378,74,0
36,59.70000076,384,74,0
36,59.59999847,389,74,0
36,59.59999847,391,74,0
36,59.59999847,389,74,0
37,59.59999847,394,74,0
36,59.59999847,398,74,0
35,59.5,400,74,0
36,59.59999847,404,74,0
36,59.5,409,74,0
36,59.5,412,74,0
36,59.5,413,74,0
36,59.5,413,74,0
37,59.5,413,74,0
36,59.5,412,74,0
37,59.59999847,421,74,0
37,59.59999847,426,74,0
37,59.59999847,425,74,1
36,59.59999847,431,74,1
36,59.70000076,435,74,1
36,59.70000076,434,74,1
37,59.70000076,436,74,1
37,59.79999924,439,74.09999847,1
37,59.79999924,441,74.09999847,1
37,59.79999924,439,74.09999847,1
37,59.79999924,444,74.09999847,1
37,59.79999924,447,74.09999847,1
36,59.79999924,447,74.09999847,1
37,59.79999924,446,74.09999847,1
37,59.79999924,447,74.09999847,1
37,59.79999924,447,74.09999847,1
37,59.79999924,444,74.09999847,1
36,59.79999924,441,74.09999847,1
36,59.79999924,444,74.09999847,1
37,59.79999924,444,74.09999847,1
37,59.79999924,444,74.09999847,1
38,59.79999924,444,74.09999847,1
37,59.79999924,443,74.09999847,0
37,59.79999924,444,74.09999847,0
38,59.79999924,444,74.09999847,0
37,59.79999924,444,74.09999847,0
37,59.79999924,457,74.09999847,0
37,59.79999924,457,74.09999847,0
37,59.70000076,455,74.19999695,0
37,59.79999924,456,74.19999695,0
37,59.70000076,459,74.19999695,0
37,59.70000076,464,74.19999695,0
38,59.70000076,464,74.19999695,0
37,59.79999924,463,74.19999695,0
38,59.70000076,469,74.30000305,0
43,59.59999847,476,74.30000305,0
43,59.5,476,74.30000305,1
43,59.70000076,476,74.30000305,0
51,59.59999847,479,74.30000305,0
57,59.29999924,484,74.30000305,0
56,59.09999847,486,74.30000305,0
56,59.09999847,484,74.30000305,0
57,59.09999847,478,74.30000305,0
57,59,483,74.30000305,0
62,59,482,74.30000305,0
63,58.90000153,477,74.30000305,0
63,58.90000153,476,74.30000305,0
64,58.90000153,473,74.30000305,0
64,58.79999924,473,74.30000305,0
63,58.90000153,470,74.30000305,1
73,58.70000076,509,74.30000305,0
73,58.70000076,509,74.19999695,1
74,58.40000153,489,74.19999695,1
73,58.29999924,481,74.19999695,1
74,58.29999924,474,74.19999695,1
74,58.29999924,473,74.19999695,1
74,58,479,74.19999695,1
74,57.90000153,475,74.09999847,0
74,57.90000153,482,74.09999847,0
74,58,480,74,0
75,57.79999924,479,74,0
74,57.70000076,478,74,0
74,57.79999924,477,74,0
74,57.59999847,478,74,0
74,57.5,480,74,0
73,57.59999847,477,74,0
75,57.40000153,480,74,0
74,57.5,480,74,0
75,57.5,479,74,0
74,57.59999847,485,74,0
74,57.59999847,488,74,0
74,57.70000076,491,74,0
74,57.79999924,491,74,0
74,57.79999924,490,74,0
73,57.90000153,499,74,0
74,57.90000153,503,74,0
73,57.90000153,502,74,0
74,57.90000153,500,74,0
74,58,497,74,0
74,57.90000153,504,74,0
73,57.79999924,508,74,0
74,57.79999924,516,74,0
74,57.70000076,510,74.09999847,0
73,57.70000076,509,74.09999847,0
87,57.59999847,520,74.09999847,0
86,57.5,525,74.09999847,0
85,57.59999847,518,74.09999847,0
86,57.70000076,513,74.09999847,0
87,57.59999847,509,74.09999847,0
86,57.5,510,74.09999847,0
93,57.5,507,74,0
94,57.59999847,503,74,0
94,57.70000076,496,74,0
93,57.79999924,492,74,0
94,57.90000153,491,74,0
94,57.90000153,486,74,1
94,58.09999847,483,73.90000153,1
93,57.90000153,484,73.90000153,1
94,58,480,73.90000153,1
94,58.09999847,475,73.90000153,1
93,58.20000076,470,73.90000153,1
92,58.20000076,472,73.90000153,1
93,58.20000076,469,73.90000153,1
90,58.29999924,470,73.80000305,0
86,58.20000076,472,73.90000153,0
86,58.20000076,472,73.90000153,0
87,58.20000076,475,73.90000153,0
86,58.20000076,486,73.90000153,0
85,58.09999847,482,73.90000153,0
85,58.09999847,467,73.90000153,0
85,58,461,73.90000153,0
85,57.90000153,448,73.90000153,0
84,57.90000153,452,74,0
85,57.90000153,475,74,0
87,57.90000153,486,74,0
87,57.90000153,485,74,0
87,57.90000153,480,74,0
87,58.09999847,473,74,0
86,57.90000153,477,74,0
86,58,482,74,0
86,57.90000153,483,73.90000153,0
85,57.90000153,475,73.90000153,0
85,57.90000153,445,73.90000153,0
86,58,434,73.90000153,0
86,57.90000153,436,73.90000153,0
85,57.79999924,449,73.90000153,0
85,57.70000076,451,73.90000153,0
86,57.70000076,447,73.90000153,0
86,57.59999847,448,73.90000153,0
84,57.59999847,446,73.90000153,1
84,57.59999847,448,73.90000153,1
84,57.59999847,450,73.90000153,1
84,57.59999847,450,73.90000153,1
85,57.59999847,453,73.90000153,1
84,57.79999924,448,73.90000153,1
85,57.59999847,449,73.90000153,1
85,57.59999847,447,73.90000153,1
84,57.59999847,440,73.90000153,1
85,57.59999847,437,73.90000153,1
85,57.70000076,431,73.90000153,1
85,57.70000076,428,73.90000153,1
85,57.5,431,73.90000153,1
85,57.40000153,430,73.90000153,1
84,57.5,430,73.80000305,1
84,57.59999847,428,73.80000305,1
85,57.29999924,430,73.80000305,1
85,57.29999924,432,73.80000305,1
85,57.5,431,73.80000305,1
85,57.29999924,433,73.80000305,1
85,57.29999924,428,73.80000305,1
85,57.29999924,429,73.80000305,1
84,57.29999924,429,73.80000305,1
86,57.29999924,426,73.80000305,1
86,57.29999924,427,73.80000305,1
86,57.40000153,425,73.80000305,1
86,57.29999924,423,73.80000305,1
85,57.29999924,422,73.69999695,1
85,57.40000153,417,73.69999695,1
86,57.40000153,407,73.69999695,1
86,57.5,406,73.69999695,1
81,57.5,415,73.69999695,1
75,57.59999847,413,73.69999695,0
74,57.59999847,413,73.69999695,0
74,57.70000076,414,73.80000305,0
74,57.70000076,412,73.80000305,0
75,57.79999924,409,73.80000305,0
74,57.79999924,419,73.80000305,0
74,57.79999924,425,73.80000305,0
74,57.79999924,427,73.80000305,0
73,57.79999924,422,73.90000153,0
74,57.79999924,417,73.90000153,0
74,57.90000153,409,73.90000153,0
74,57.70000076,408,73.90000153,0
74,57.79999924,406,73.90000153,0
73,57.70000076,418,73.90000153,0
74,57.70000076,433,74,0
74,57.70000076,444,74,0
74,57.70000076,445,74,0
75,57.70000076,434,74,0
74,57.70000076,420,74,0
73,57.70000076,411,74,0
73,57.70000076,407,74,0
72,57.79999924,419,74,0
72,57.70000076,438,74,0
72,57.79999924,445,74,0
72,57.79999924,438,74,0
72,57.90000153,428,74,0
72,57.90000153,417,74,0
72,57.90000153,409,74,0
73,58.09999847,405,74,0
72,58.20000076,412,74,0
72,58.20000076,414,73.90000153,0
73,58.29999924,420,73.90000153,0
73,58.40000153,419,73.90000153,0
73,58.40000153,411,74,0
73,58.5,407,74,0
73,58.5,405,74,0
72,58.5,403,74,0
73,58.5,403,74,0
73,58.5,407,74,0
73,58.29999924,419,74,0
73,58.09999847,427,74,0
73,58,438,74,0
73,57.90000153,444,74,0
73,57.79999924,450,74.09999847,0
77,57.70000076,448,74.09999847,0
81,57.5,436,74,0
82,57.40000153,405,73.69999695,0
77,57.40000153,379,73.40000153,0
68,57.5,372,73.19999695,2
43,57.59999847,379,72.90000153,2
37,57.79999924,375,72.69999695,2
37,57.90000153,360,72.40000153,2
37,58.20000076,359,72.19999695,2
37,58.20000076,354,72,2
36,58.40000153,354,71.90000153,2
37,58.5,354,71.80000305,2
37,58.59999847,357,71.69999695,2
37,58.70000076,371,71.80000305,2
37,58.90000153,365,71.80000305,2
36,59,364,72,2
36,59,361,72.09999847,2
36,59.09999847,362,72.30000305,2
37,59.20000076,363,72.5,2
37,59.20000076,365,72.59999847,2
37,59.29999924,369,72.80000305,2
37,59.40000153,367,72.90000153,2
38,59.40000153,372,73,2
38,59.5,371,73.19999695,2
37,59.5,373,73.30000305,2
37,59.5,374,73.40000153,2
37,59.59999847,376,73.40000153,3
37,59.79999924,374,73.5,3
37,59.59999847,373,73.5,3
38,59.59999847,377,73.59999847,3
38,59.59999847,374,73.59999847,3
38,59.70000076,372,73.59999847,2
38,59.70000076,368,73.69999695,2
38,59.5,366,73.69999695,2
37,59.5,366,73.59999847,2
38,59.40000153,369,73.59999847,2
37,59.20000076,378,73,2
37,59.20000076,380,72.90000153,2
37,59.20000076,379,72.90000153,2
37,59.40000153,380,72.90000153,2
37,59.29999924,382,72.90000153,2
37,59.29999924,379,72.80000305,2
37,59.29999924,374,72.80000305,2
37,59.40000153,369,72.80000305,1
36,59.40000153,371,72.69999695,1
36,59.40000153,378,72.69999695,1
36,59.5,374,72.69999695,1
36,59.40000153,376,72.69999695,1
36,59.5,379,72.69999695,1
36,59.5,376,72.69999695,1
36,59.5,375,72.69999695,1
36,59.59999847,378,72.69999695,2
36,59.5,375,72.69999695,2
36,59.59999847,377,72.69999695,2
37,59.59999847,372,72.59999847,2
37,59.79999924,370,72.59999847,2
37,59.70000076,372,72.59999847,2
37,59.59999847,374,72.59999847,2
36,59.59999847,376,72.59999847,2
36,59.70000076,372,72.59999847,3
36,59.70000076,374,72.5,3
36,59.70000076,381,72.40000153,3
35,59.70000076,387,72.30000305,3
36,59.79999924,411,72.09999847,3
36,59.79999924,407,72,3
36,59.90000153,402,71.90000153,3
37,60,397,71.80000305,2
37,59.79999924,403,71.90000153,2
37,59.79999924,391,72,2
37,59.79999924,385,72.09999847,2
36,59.79999924,376,72.30000305,2
36,59.90000153,372,72.40000153,2
37,59.79999924,369,72.5,2
37,59.90000153,367,72.59999847,2
37,60.09999847,364,72.69999695,2
37,59.90000153,367,72.80000305,2
37,59.90000153,368,72.90000153,2
37,59.79999924,366,73,2
36,59.79999924,369,73.09999847,2
37,59.79999924,370,73.19999695,2
37,59.79999924,370,73.30000305,2
36,59.79999924,369,73.30000305,2
36,59.79999924,372,73.40000153,2
37,59.79999924,372,73.40000153,2
37,59.70000076,381,73.5,2
37,59.79999924,380,73.5,2
37,59.79999924,376,73.59999847,2
37,59.70000076,369,73.59999847,2
37,59.70000076,370,73.59999847,2
37,59.79999924,369,73.69999695,2
37,59.90000153,365,73.69999695,2
37,59.70000076,369,73.69999695,2
37,59.70000076,370,73.80000305,2
37,59.79999924,372,73.80000305,2
38,59.70000076,374,73.80000305,2
37,59.70000076,377,73.80000305,2
38,59.79999924,372,73.80000305,2
37,59.70000076,373,73.80000305,2
37,59.70000076,373,73.80000305,2
37,59.70000076,371,73.69999695,2
37,59.79999924,370,73.59999847,2
37,59.79999924,374,73.59999847,2
37,59.79999924,374,73.69999695,2
38,59.59999847,372,73.69999695,2
37,59.59999847,371,73.69999695,2
37,59.5,374,73.69999695,2
37,59.59999847,371,73.69999695,2
37,59.59999847,371,73.69999695,2
37,59.5,369,73.69999695,2
38,59.5,367,73.69999695,2
37,59.70000076,364,73.80000305,2
37,59.5,366,73.80000305,2
37,59.59999847,366,73.80000305,2
36,59.5,366,73.80000305,2
37,59.59999847,369,73.80000305,2
37,59.5,367,73.80000305,2
36,59.5,367,73.80000305,2
37,59.59999847,367,73.90000153,2
37,59.79999924,367,73.90000153,2
36,59.70000076,365,73.90000153,2
36,59.70000076,368,73.90000153,2
36,59.79999924,370,73.90000153,2
37,59.79999924,367,73.90000153,2
36,59.79999924,371,74,2
36,59.79999924,371,74,2
36,59.79999924,370,74,2
36,59.79999924,372,74,2
36,59.70000076,372,74,2
37,59.70000076,373,74,2
37,59.70000076,373,74,2
36,59.59999847,373,74,2
36,59.5,372,74,2
37,59.5,372,74,2
37,59.5,372,74,2
37,59.40000153,372,73.90000153,2
37,59.40000153,369,73.90000153,2
38,59.29999924,371,73.90000153,2
37,59.40000153,366,73.90000153,2
37,59.20000076,368,73.90000153,2
37,59.40000153,365,73.90000153,2
38,59.20000076,367,73.90000153,2
37,59.20000076,365,73.90000153,2
37,59.20000076,365,73.90000153,2
37,59.20000076,366,73.90000153,2
37,59.29999924,366,73.90000153,2
37,59.29999924,365,73.90000153,2
37,59.5,361,73.90000153,2
37,59.29999924,365,73.90000153,2
37,59.40000153,365,73.90000153,2
36,59.40000153,364,73.90000153,2
37,59.5,363,73.90000153,2
37,59.40000153,363,74,2
37,59.40000153,362,74,2
37,59.5,360,74,2
37,59.40000153,361,74,2
37,59.59999847,358,74,3
37,59.5,361,74,3
37,59.5,361,74,3
38,59.5,364,74,3
38,59.59999847,361,74,3
38,59.5,363,74,3
37,59.5,366,74,3
37,59.5,364,74,3
38,59.5,362,74,3
37,59.5,362,74,3
38,59.59999847,362,74,3
38,59.59999847,363,74,3
37,59.59999847,363,74,3
37,59.59999847,363,74,3
37,59.59999847,365,74,3
37,59.59999847,362,74,3
37,59.79999924,360,74,3
37,59.59999847,365,74,3
37,59.59999847,362,73.90000153,3
36,59.70000076,362,73.90000153,3
37,59.70000076,364,73.90000153,3
37,59.70000076,364,73.90000153,3
37,59.90000153,360,73.90000153,3
37,59.70000076,363,73.90000153,3
37,59.79999924,363,73.90000153,3
37,59.79999924,361,73.90000153,3
37,59.79999924,361,73.90000153,3
36,59.79999924,360,73.90000153,3
36,59.79999924,362,73.90000153,3
36,59.90000153,362,74,3
36,60,359,74,3
36,59.90000153,362,74,3
36,60.09999847,359,74,3
37,59.90000153,362,74,3
36,59.90000153,360,74,3
36,59.90000153,361,74,3
36,59.90000153,359,74,3
37,59.90000153,359,74,3
37,59.90000153,361,74,3
36,59.90000153,357,74,3
36,59.90000153,360,74,3
36,59.90000153,358,74,3
36,60.09999847,356,74,3
36,59.90000153,362,74,3
36,59.90000153,363,74,3
36,59.90000153,362,74,3
36,59.79999924,362,74,3
36,59.79999924,362,74,3
36,59.79999924,362,74,3
37,59.90000153,360,74,3
36,59.79999924,356,74,3
37,59.70000076,357,74,3
37,59.59999847,358,74,3
37,59.5,358,74,3
36,59.5,360,74,3
37,59.40000153,361,74,3
37,59.40000153,359,74,3
37,59.29999924,360,74,3
37,59.20000076,359,74,3
37,59.29999924,357,74,3
36,59.5,359,74,3
37,59.20000076,361,74,3
36,59.20000076,362,74,3
37,59.5,358,74,3
36,59.29999924,358,74.09999847,3
36,59.40000153,360,74.09999847,3
36,59.40000153,357,74.09999847,3
37,59.40000153,361,74.09999847,3
36,59.5,361,74.09999847,3
36,59.5,362,74.09999847,3
36,59.5,364,74.09999847,3
38,59.5,360,74.09999847,3
42,59.5,361,74.09999847,3
42,59.70000076,360,74.09999847,3
43,59.5,362,74.09999847,3
43,59.40000153,360,74.09999847,3
43,59.40000153,358,74.09999847,3
46,59.29999924,358,74.09999847,3
50,59.20000076,360,74.09999847,3
56,59.09999847,360,74,3
57,59.09999847,356,74,3
57,59,356,74,3
57,58.79999924,358,73.90000153,3
54,58.79999924,355,73.80000305,3
48,58.70000076,363,73.59999847,3
48,58.70000076,373,73.59999847,3
38,58.70000076,374,73.59999847,3
37,58.79999924,371,73.5,3
37,58.79999924,374,73.5,3
37,58.90000153,370,73.5,3
37,59,368,73.5,3
37,59,369,73.59999847,3
37,59.09999847,370,73.59999847,3
37,59.20000076,372,73.69999695,3
37,59.20000076,369,73.80000305,3
36,59.40000153,369,73.80000305,3
37,59.5,375,73.90000153,3
36,59.5,376,73.90000153,3
36,59.59999847,379,73.90000153,3
36,59.70000076,379,73.90000153,3
36,59.70000076,379,73.90000153,3
36,59.79999924,391,73.90000153,4
36,60,389,74,4
36,59.90000153,393,74,4
36,60,389,74.09999847,4
36,60,387,74.09999847,4
36,59.90000153,395,74.09999847,4
38,60,394,74.19999695,4
42,59.90000153,393,74.19999695,4
42,59.79999924,401,74.19999695,4
47,59.79999924,418,74.30000305,4
56,59.70000076,410,74.30000305,4
56,59.40000153,410,74.30000305,4
57,59.20000076,405,74.30000305,4
56,59.09999847,405,74.30000305,4
59,59.09999847,404,74.30000305,4
63,58.90000153,408,74.30000305,4
63,58.79999924,408,74.30000305,4
63,58.79999924,402,74.30000305,4
63,58.59999847,404,74.30000305,4
63,58.5,405,74.19999695,4
64,58.5,405,74.19999695,4
64,58.5,407,74.19999695,3
67,58.40000153,411,74.19999695,3
75,58.20000076,411,74.19999695,3
76,58.20000076,415,74.19999695,3
75,58,417,74.09999847,4
75,58.20000076,431,74.09999847,4
75,58,422,74,4
75,57.79999924,433,73.90000153,4
75,57.90000153,433,73.80000305,4
72,57.70000076,444,73.69999695,4
68,57.79999924,414,73.59999847,4
66,57.59999847,414,73.5,3
57,57.70000076,412,73.5,3
57,57.70000076,414,73.40000153,3
48,57.70000076,418,73.40000153,6
48,57.79999924,409,73.5,6
48,57.79999924,404,73.5,6
48,57.90000153,402,73.59999847,6
48,58,393,73.59999847,6
48,58.20000076,391,73.69999695,6
48,58.20000076,383,73.69999695,6
48,58.29999924,382,73.69999695,6
48,58.29999924,380,73.69999695,6
48,58.40000153,378,73.69999695,6
48,58.5,377,73.69999695,6
41,58.5,376,73.69999695,6
38,58.59999847,374,73.69999695,6
38,58.79999924,371,73.69999695,6
39,58.90000153,368,73.69999695,6
36,59,365,73.80000305,6
37,59,361,73.80000305,6
37,59.09999847,362,73.80000305,6
36,59.20000076,362,73.80000305,6
36,59.20000076,360,73.80000305,6
36,59.29999924,356,73.80000305,6
37,59.5,349,73.80000305,6
36,59.29999924,353,73.80000305,6
37,59.5,350,73.80000305,6
37,59.40000153,348,73.80000305,6
37,59.5,347,73.90000153,6
36,59.5,348,73.90000153,6
36,59.70000076,342,73.90000153,6
37,59.59999847,345,73.90000153,6
36,59.70000076,340,73.90000153,6
36,59.70000076,343,73.90000153,6
36,59.70000076,344,73.90000153,6
36,59.70000076,343,73.90000153,6
36,59.70000076,342,73.90000153,6
36,59.70000076,342,73.90000153,6
37,59.70000076,340,73.90000153,6
37,59.90000153,336,73.90000153,6
36,59.90000153,334,73.90000153,6
37,59.79999924,337,73.90000153,6
37,59.79999924,332,73.90000153,6
37,59.70000076,336,73.90000153,6
37,59.70000076,332,73.90000153,6
37,59.70000076,335,73.90000153,6
37,59.70000076,331,73.90000153,6
37,59.79999924,332,73.90000153,6
37,59.59999847,333,73.90000153,6
37,59.5,333,73.90000153,6
37,59.59999847,333,73.90000153,6
38,59.40000153,329,73.90000153,6
37,59.59999847,327,73.90000153,6
37,59.29999924,330,73.90000153,6
37,59.20000076,330,73.90000153,6
36,59.29999924,327,73.90000153,6
37,59.09999847,325,73.90000153,6
37,59.09999847,325,73.90000153,6
37,59.09999847,328,73.90000153,6
37,59.09999847,327,73.90000153,6
37,59.20000076,324,73.90000153,6
37,59.09999847,327,73.90000153,6
37,59.09999847,326,73.90000153,6
37,59.20000076,323,73.90000153,6
37,59.09999847,326,73.90000153,6
37,59.09999847,326,73.90000153,6
37,59.20000076,326,73.90000153,6
36,59.20000076,326,73.90000153,6
36,59.20000076,322,73.90000153,6
36,59.20000076,323,73.90000153,6
37,59.5,321,73.90000153,6
37,59.29999924,324,73.90000153,6
37,59.29999924,323,73.90000153,6
37,59.59999847,321,73.90000153,6
37,59.40000153,324,73.90000153,6
37,59.40000153,323,73.90000153,6
37,59.5,324,73.90000153,6
36,59.5,323,73.90000153,6
37,59.5,322,73.90000153,6
37,59.5,322,73.90000153,6
38,59.5,323,73.90000153,6
37,59.5,324,73.90000153,6
36,59.5,325,73.90000153,6
37,59.5,322,73.90000153,6
36,59.5,325,73.90000153,6
36,59.5,321,73.90000153,6
36,59.5,322,73.90000153,6
36,59.5,320,73.90000153,6
36,59.5,323,73.90000153,6
36,59.5,322,73.90000153,6
36,59.5,322,73.90000153,6
36,59.5,320,73.90000153,6
36,59.5,322,73.90000153,6
36,59.59999847,321,73.90000153,6
36,59.59999847,323,73.90000153,6
36,59.59999847,322,73.90000153,6
36,59.70000076,320,73.80000305,5
36,59.90000153,323,73.59999847,5
35,59.70000076,338,73.5,5
36,59.90000153,337,73.40000153,5
36,59.79999924,341,73.30000305,5
36,59.79999924,344,73.30000305,5
36,59.79999924,347,73.30000305,5
36,59.79999924,347,73.19999695,5
36,59.79999924,351,73.19999695,5
36,59.79999924,352,73.19999695,5
36,60,351,73.19999695,5
37,60,380,73.19999695,5
36,60.09999847,359,73.19999695,5
36,59.90000153,360,73.19999695,5
37,60.09999847,355,73.19999695,5
36,59.90000153,361,73.19999695,5
36,59.90000153,359,73.19999695,5
37,60,363,73.19999695,5
36,60,363,73.19999695,5
36,60,361,73.19999695,5
36,60.20000076,359,73.09999847,5
37,60,361,73.09999847,5
37,60,359,73.09999847,5
37,59.90000153,368,73.09999847,5
37,59.79999924,381,73.09999847,5
36,59.79999924,365,73.09999847,5
36,59.70000076,359,73.09999847,5
36,59.59999847,361,73.09999847,5
35,59.59999847,362,73.09999847,5
36,59.09999847,367,73.09999847,5
36,58.90000153,365,73.19999695,5
37,58.5,374,73.19999695,5
38,58.29999924,374,73.19999695,5
39,58,371,73.30000305,5
39,57.79999924,365,73.30000305,5
39,57.70000076,366,73.30000305,5
40,57.5,362,73.19999695,5
40,57.29999924,367,73.19999695,5
40,57.20000076,369,73.19999695,6
39,57,369,73.19999695,6
40,56.90000153,363,73.19999695,6
40,56.70000076,364,73.19999695,6
39,56.59999847,362,73.19999695,6
40,56.5,360,73.09999847,6
39,56.29999924,358,73.09999847,6
39,56.29999924,357,73.09999847,7
39,56.09999847,355,73.09999847,7
39,56.09999847,355,73,7
39,56,354,73,7
39,55.90000153,351,73,7
39,56,347,72.90000153,7
39,55.70000076,350,72.90000153,7
38,55.70000076,350,72.90000153,6
38,55.59999847,350,72.90000153,6
38,55.59999847,350,72.90000153,6
38,55.79999924,346,72.90000153,6
39,55.5,348,72.90000153,6
38,55.59999847,346,73,6
39,55.79999924,347,73,6
38,55.70000076,352,73,6
38,55.79999924,349,73,6
39,55.79999924,355,73,6
38,56,354,73,6
38,56.09999847,352,73,6
38,56.29999924,352,73,6
38,56.5,355,73,6
38,56.5,353,73,6
39,56.70000076,356,73,6
39,56.79999924,356,73,6
38,57,354,73,6
38,57.20000076,356,73,6
38,57.29999924,357,73,6
38,57.40000153,357,73,6
38,57.59999847,357,73,6
39,57.59999847,358,73,6
39,57.70000076,356,73,6
39,57.79999924,356,73,6
39,57.90000153,357,73,6
39,58,356,73,6
38,58.09999847,355,73,6
38,58.20000076,358,73,6
38,58.29999924,358,73.09999847,6
38,58.29999924,357,73.09999847,6
38,58.5,354,73.09999847,6
38,58.5,357,73.09999847,6
38,58.59999847,356,73.09999847,6
39,58.90000153,355,73.09999847,6
39,58.79999924,355,73.09999847,6
39,58.90000153,356,73.09999847,6
39,59,358,73.09999847,6
39,59.20000076,354,73.09999847,6
38,59.20000076,359,73.09999847,6
39,59.40000153,356,73.09999847,6
39,59.5,358,73.09999847,6
38,59.59999847,358,73.09999847,6
39,59.70000076,356,73.09999847,6
38,59.79999924,359,73.09999847,6
38,60,355,73.09999847,6
38,59.90000153,360,73.19999695,6
38,60,360,73.09999847,6
38,60.09999847,359,73.19999695,6
38,60,359,73.19999695,6
38,60.20000076,357,73.19999695,6
38,60.09999847,356,73.19999695,6
38,60,357,73.19999695,6
38,60,358,73.19999695,6
38,60,357,73.19999695,6
38,59.90000153,358,73.19999695,6
38,59.90000153,358,73.19999695,6
38,59.90000153,363,73.19999695,6
39,59.79999924,363,73.19999695,6
39,59.79999924,362,73.30000305,6
39,59.79999924,361,73.30000305,6
38,59.79999924,361,73.30000305,6
38,59.79999924,361,73.30000305,6
38,59.79999924,361,73.30000305,6
38,59.79999924,361,73.19999695,6
38,59.79999924,360,73.19999695,6
39,59.79999924,360,73.19999695,6
38,59.79999924,356,73.19999695,6
38,59.79999924,362,73.19999695,6
38,59.79999924,359,73.19999695,6
39,59.79999924,362,73.09999847,6
39,59.79999924,362,73.09999847,6
39,60,358,73.09999847,6
39,59.79999924,362,73.09999847,6
39,59.79999924,361,73.09999847,6
39,59.70000076,362,73.09999847,6
39,59.59999847,361,73.09999847,6
39,59.59999847,361,73.09999847,6
39,59.59999847,362,73.09999847,6
39,59.5,363,73.09999847,6
39,59.5,361,73.09999847,6
38,59.59999847,359,73,6
38,59.40000153,361,73,6
39,59.29999924,361,73,6
39,59.29999924,361,73,6
39,59.20000076,363,73,6
39,59.20000076,363,73,6
39,59.20000076,361,73,6
38,59.29999924,358,73,6
39,59.09999847,362,73,6
39,59.09999847,360,73,6
39,59.09999847,362,73,6
39,59,362,73,6
39,59,362,72.90000153,6
43,58.90000153,361,72.90000153,6
49,58.90000153,362,72.90000153,6
55,58.70000076,359,72.90000153,6
53,58.5,362,72.90000153,6
52,58.5,359,72.90000153,6
52,58.40000153,361,72.90000153,6
51,58.29999924,360,72.90000153,6
52,58.29999924,360,72.90000153,6
53,58.29999924,361,72.90000153,6
53,58.29999924,362,72.80000305,6
52,58.29999924,361,72.80000305,6
52,58.29999924,361,72.80000305,6
52,58.29999924,362,72.80000305,6
52,58.40000153,362,72.80000305,6
52,58.40000153,361,72.80000305,6
53,58.5,362,72.80000305,6
53,58.70000076,363,72.80000305,6
53,58.90000153,363,72.80000305,6
53,59.29999924,361,72.80000305,6
52,60.09999847,360,72.80000305,6
52,62.40000153,359,72.80000305,6
52,67,355,72.80000305,6
53,72.80000305,359,72.80000305,6
52,79.90000153,357,72.80000305,7
52,86.69999695,358,72.80000305,7
53,92.30000305,357,72.90000153,6
52,96.30000305,360,72.90000153,6
51,99,365,72.90000153,6
52,100.9000015,372,73,6
52,101.6999969,377,73,6
52,102.0999985,408,73,6
52,102.3000031,408,73.09999847,5
52,102.0999985,400,73.09999847,5
52,101.8000031,398,73.19999695,5
52,101.1999969,404,73.30000305,5
52,98.59999847,424,73.40000153,5
52,94.40000153,428,73.5,5
52,89.30000305,437,73.59999847,5
52,84.40000153,443,73.59999847,5
53,80.30000305,464,73.69999695,5
48,77.09999847,473,73.80000305,5
47,74.69999695,451,73.90000153,5
37,73.40000153,431,73.90000153,5
37,72.5,428,74,5
37,71.69999695,421,74,5
37,70.90000153,423,74.09999847,5
36,70.19999695,432,74.09999847,5
36,69.59999847,433,74.19999695,5
36,69,431,74.19999695,5
36,68.5,421,74.19999695,6
36,67.90000153,426,74.30000305,6
36,67.59999847,423,74.30000305,6
36,67.09999847,432,74.30000305,6
36,66.80000305,429,74.30000305,6
36,66.30000305,427,74.40000153,6
36,66,426,74.40000153,6
36,65.59999847,428,74.40000153,6
36,65.30000305,432,74.40000153,6
36,65.09999847,430,74.40000153,6
36,64.80000305,433,74.5,6
36,64.59999847,431,74.5,6
36,64.30000305,434,74.5,6
36,64.09999847,436,74.5,6
36,63.90000153,435,74.5,6
36,63.59999847,440,74.5,6
36,63.59999847,443,74.5,6
36,63.5,441,74.5,6
36,63.09999847,440,74.5,6
37,62.90000153,437,74.5,6
36,62.79999924,423,74.5,6
35,62.70000076,416,74.5,6
35,62.5,414,74.5,6
36,62.29999924,407,74.59999847,6
36,62.20000076,408,74.59999847,6
36,62,425,74.59999847,6
36,62,422,74.59999847,6
36,61.70000076,418,74.59999847,6
36,61.70000076,419,74.59999847,6
36,61.70000076,429,74.59999847,6
35,61.5,429,74.59999847,6
36,61.40000153,425,74.59999847,6
36,61.40000153,413,74.59999847,6
36,61.20000076,407,74.59999847,6
36,61.09999847,407,74.59999847,6
36,61,403,74.59999847,6
36,61,401,74.59999847,6
36,61,399,74.59999847,6
36,60.90000153,398,74.59999847,6
36,60.90000153,395,74.59999847,6
36,60.90000153,399,74.59999847,6
36,61,396,74.59999847,6
37,60.79999924,396,74.59999847,6
37,60.79999924,394,74.59999847,6
36,61,410,74.59999847,6
36,60.79999924,413,74.59999847,6
36,60.79999924,407,74.59999847,6
36,60.79999924,399,74.59999847,6
36,60.79999924,399,74.59999847,6
36,60.79999924,399,74.59999847,6
36,60.79999924,399,74.59999847,6
36,60.79999924,398,74.59999847,6
36,60.79999924,396,74.59999847,6
36,60.90000153,402,74.59999847,6
36,61,405,74.59999847,6
36,61,398,74.59999847,6
36,60.90000153,395,74.59999847,6
36,60.79999924,403,74.59999847,6
37,60.79999924,405,74.69999695,6
36,61,403,74.69999695,6
36,61,405,74.69999695,6
36,60.79999924,412,74.69999695,6
36,60.79999924,417,74.69999695,6
36,60.70000076,419,74.69999695,6
36,60.79999924,418,74.69999695,6
36,60.70000076,415,74.69999695,6
36,60.79999924,421,74.69999695,6
36,60.79999924,408,74.69999695,6
36,60.90000153,400,74.69999695,6
35,60.70000076,401,74.69999695,6
36,60.70000076,403,74.69999695,6
36,60.79999924,406,74.69999695,6
36,60.70000076,403,74.69999695,6
36,60.70000076,408,74.69999695,6
36,60.59999847,412,74.69999695,6
36,60.59999847,409,74.69999695,6
36,60.70000076,412,74.69999695,6
36,60.5,412,74.69999695,6
36,60.5,409,74.69999695,6
36,60.5,410,74.69999695,6
36,60.5,407,74.69999695,6
36,60.5,409,74.69999695,6
35,60.40000153,407,74.69999695,6
36,60.40000153,406,74.69999695,6
36,60.40000153,405,74.69999695,6
36,60.40000153,406,74.69999695,6
36,60.29999924,407,74.69999695,6
36,60.40000153,405,74.69999695,6
36,60.29999924,398,74.69999695,6
36,60.29999924,401,74.69999695,6
37,60.29999924,399,74.69999695,6
36,60.29999924,399,74.69999695,6
36,60.29999924,397,74.69999695,6
36,60.20000076,394,74.69999695,6
36,60.20000076,398,74.69999695,6
36,60.20000076,400,74.69999695,6
36,60.20000076,401,74.69999695,6
36,60.09999847,405,74.80000305,6
36,60.29999924,405,74.80000305,6
36,60.20000076,404,74.80000305,6
36,60,408,74.80000305,6
36,60,409,74.80000305,6
36,60,408,74.80000305,6
36,60.20000076,407,74.80000305,6
36,60,408,74.80000305,6
37,59.90000153,410,74.80000305,6
36,59.79999924,409,74.80000305,6
36,59.90000153,410,74.80000305,6
36,59.79999924,409,74.80000305,6
37,59.79999924,408,74.69999695,6
36,59.70000076,408,74.69999695,6
36,59.79999924,404,74.69999695,6
37,59.59999847,412,74.69999695,6
37,59.70000076,405,74.69999695,6
36,59.59999847,400,74.69999695,6
36,59.5,403,74.69999695,6
36,59.5,407,74.69999695,6
36,59.40000153,422,74.69999695,6
36,59.59999847,417,74.69999695,6
35,59.29999924,411,74.69999695,9
36,59.20000076,410,74.69999695,9
36,59.20000076,413,74.69999695,9
35,59.20000076,408,74.69999695,9
35,59.40000153,399,74.69999695,9
35,59.09999847,390,74.69999695,11
36,59.09999847,409,74.59999847,
36,59.20000076,410,74.5,
35,59.09999847,419,74.40000153,
36,59.20000076,415,74.19999695,
36,59.20000076,404,74.09999847,
36,59.20000076,394,74,
36,59.5,382,73.90000153,
37,59.29999924,381,73.80000305,
36,59.40000153,375,73.69999695,
10,59.40000153,369,73.59999847,
10,59.5,369,73.59999847,
9,59.70000076,368,73.5,
9,59.79999924,365,73.5,
9,60.09999847,360,73.5,
8,60.09999847,359,73.5,
8,60.29999924,355,73.5,
8,60.29999924,352,73.5,
8,60.5,353,73.59999847,
8,60.5,349,73.59999847,
7,60.70000076,346,73.59999847,
8,60.79999924,346,73.59999847,
8,60.79999924,342,73.59999847,
8,60.90000153,345,73.59999847,
7,61,344,73.59999847,
7,61,344,73.69999695,
7,61.09999847,342,73.69999695,
7,61.40000153,339,73.69999695,
7,61.40000153,341,73.69999695,
7,61.40000153,342,73.69999695,
8,61.40000153,341,73.80000305,
7,61.5,341,73.80000305,
7,61.59999847,341,73.80000305,
7,61.59999847,340,73.80000305,
7,61.70000076,340,73.80000305,
7,61.70000076,337,73.80000305,
7,61.79999924,339,73.80000305,
7,62,339,73.80000305,
7,62,338,73.80000305,
7,62.09999847,339,73.69999695,
7,62.20000076,338,73.69999695,
7,62.29999924,336,73.69999695,
7,62.29999924,338,73.69999695,
7,62.40000153,339,73.69999695,
7,62.5,336,73.80000305,
7,62.59999847,337,73.80000305,
7,62.70000076,338,73.80000305,
7,62.79999924,337,73.80000305,
7,62.79999924,338,73.80000305,
7,62.90000153,337,73.80000305,
7,62.90000153,340,73.80000305,
7,63.09999847,338,73.69999695,
7,63,336,73.69999695,
7,63,339,73.69999695,
7,63,339,73.69999695,
7,63,339,73.69999695,
7,63.09999847,339,73.69999695,
7,63.09999847,338,73.69999695,
7,63.20000076,339,73.69999695,
8,63.09999847,339,73.69999695,
7,63.20000076,340,73.69999695,
7,63.09999847,340,73.69999695,
6,63.20000076,339,73.69999695,
7,63.20000076,340,73.69999695,
7,63.29999924,339,73.59999847,
7,63.29999924,337,73.59999847,
7,63.29999924,340,73.59999847,
7,63.29999924,338,73.59999847,
7,63.29999924,341,73.59999847,
7,63.40000153,341,73.59999847,
7,63.5,337,73.5,
7,63.40000153,343,73.5,
7,63.59999847,338,73.5,
7,63.5,340,73.5,
7,63.70000076,340,73.5,
7,63.5,343,73.5,
7,63.59999847,339,73.5,
7,63.70000076,343,73.5,
7,63.90000153,339,73.5,
7,63.90000153,338,73.5,
7,63.79999924,340,73.5,
7,63.90000153,341,73.5,
7,63.90000153,339,73.5,
7,64.09999847,337,73.5,
7,64,340,73.5,
7,64,342,73.5,
7,64,341,73.5,
7,64.09999847,340,73.5,
7,64.09999847,339,73.5,
7,64.30000305,341,73.5,
7,64.19999695,337,73.5,
7,64.09999847,339,73.5,
7,64.09999847,340,73.5,
7,64.09999847,340,73.5,
7,64.09999847,340,73.5,
7,64.19999695,343,73.5,
7,64.09999847,342,73.5,
6,64.09999847,343,73.5,
6,64.09999847,342,73.5,
7,64.09999847,338,73.5,
7,64.09999847,341,73.5,
7,64.19999695,338,73.40000153,
7,64.09999847,343,73.40000153,
7,64.09999847,342,73.40000153,
7,64.09999847,342,73.40000153,
7,64.09999847,343,73.40000153,
7,64.09999847,344,73.40000153,
7,64.09999847,344,73.40000153,
7,64.09999847,343,73.40000153,
7,64.09999847,344,73.40000153,
7,64.09999847,344,73.30000305,
7,64.09999847,345,73.30000305,
7,64.09999847,342,73.40000153,
7,64.09999847,344,73.40000153,
7,64.19999695,340,73.40000153,
7,64.09999847,343,73.40000153,
7,64.19999695,344,73.40000153,
7,64.09999847,344,73.40000153,
7,64.19999695,344,73.30000305,
7,64.19999695,344,73.30000305,
7,64.19999695,344,73.30000305,
7,64.19999695,342,73.30000305,
7,64.19999695,343,73.30000305,
7,64.19999695,342,73.30000305,
7,64.19999695,344,73.30000305,
7,64.19999695,344,73.30000305,
7,64.19999695,344,73.30000305,
7,64.19999695,343,73.30000305,
7,64.19999695,344,73.30000305,
7,64.30000305,340,73.30000305,
7,64.19999695,345,73.40000153,
7,64.30000305,346,73.40000153,
7,64.30000305,345,73.30000305,
7,64.5,342,73.40000153,
7,64.5,340,73.40000153,
7,64.30000305,343,73.40000153,
7,64.30000305,341,73.40000153,
7,64.30000305,344,73.40000153,
7,64.30000305,342,73.40000153,
7,64.40000153,346,73.40000153,
7,64.40000153,344,73.40000153,
7,64.40000153,341,73.40000153,
7,64.59999847,340,73.40000153,
7,64.40000153,345,73.40000153,
7,64.5,343,73.40000153,
7,64.40000153,345,73.40000153,
7,64.5,340,73.40000153,
7,64.40000153,341,73.30000305,
7,64.40000153,342,73.30000305,
7,64.5,341,73.30000305,
7,64.40000153,340,73.30000305,
7,64.5,343,73.30000305,
7,64.5,343,73.30000305,
7,64.5,343,73.30000305,
7,64.5,343,73.30000305,
7,64.59999847,341,73.30000305,
7,64.5,339,73.19999695,
7,64.5,342,73.19999695,
7,64.59999847,342,73.19999695,
7,64.5,343,73.19999695,
7,64.69999695,338,73.19999695,
7,64.69999695,341,73.19999695,
7,64.59999847,342,73.19999695,
7,64.59999847,339,73.19999695,
7,64.59999847,338,73.19999695,
7,64.59999847,340,73.19999695,
8,64.59999847,341,73.19999695,
7,64.80000305,339,73.19999695,
7,64.69999695,341,73.09999847,
7,64.90000153,337,73.09999847,
7,64.69999695,341,73.19999695,
7,64.69999695,342,73.19999695,
7,64.69999695,341,73.19999695,
7,64.80000305,340,73.19999695,
7,64.80000305,341,73.09999847,
7,64.80000305,341,73.09999847,
7,65,338,73.09999847,
7,64.90000153,337,73.09999847,
7,64.80000305,342,73.09999847,
7,64.80000305,340,73.09999847,
7,64.80000305,338,73.09999847,
7,64.69999695,342,73.09999847,
7,64.69999695,341,73.09999847,
8,64.90000153,338,73.09999847,
8,64.69999695,340,73.09999847,
7,64.90000153,337,73.09999847,
7,64.69999695,342,73.09999847,
7,64.69999695,342,73.09999847,
7,64.69999695,340,73.09999847,
8,64.69999695,342,73.09999847,
7,64.69999695,342,73.09999847,
7,64.80000305,341,73.09999847,
7,64.80000305,342,73.09999847,
7,64.80000305,342,73.09999847,
7,64.90000153,340,73.09999847,
7,64.90000153,340,73.09999847,
7,65,338,73.09999847,
7,65.09999847,341,73.09999847,
7,65.30000305,338,73.19999695,
7,65.19999695,342,73.19999695,
7,65.19999695,340,73.19999695,
7,65.30000305,342,73.19999695,
7,65.30000305,342,73.19999695,
7,65.40000153,341,73.19999695,
7,65.69999695,338,73.19999695,
7,65.5,342,73.19999695,
7,65.59999847,340,73.19999695,
7,65.69999695,342,73.19999695,
7,65.69999695,341,73.19999695,
7,65.80000305,341,73.19999695,
7,65.90000153,341,73.19999695,
7,65.90000153,343,73.19999695,
7,65.90000153,343,73.19999695,
7,65.90000153,340,73.19999695,
7,65.90000153,341,73.19999695,
7,65.90000153,343,73.19999695,
7,65.90000153,343,73.19999695,
7,65.90000153,342,73.19999695,
7,65.80000305,342,73.19999695,
7,65.80000305,342,73.19999695,
7,65.80000305,344,73.19999695,
7,65.80000305,340,73.19999695,
7,65.80000305,339,73.19999695,
7,65.69999695,342,73.09999847,
6,65.80000305,343,73.09999847,
6,65.69999695,343,73.09999847,
6,65.90000153,343,73.09999847,
7,65.80000305,347,73.09999847,
6,65.69999695,346,73.09999847,
6,65.69999695,346,73.09999847,
6,65.90000153,343,73.09999847,
7,65.80000305,345,73.09999847,
6,65.80000305,345,73.09999847,
6,65.80000305,345,73.09999847,
7,65.80000305,345,73.09999847,
7,65.90000153,342,73.09999847,
6,65.69999695,346,73.09999847,
6,65.80000305,345,73.09999847,
6,65.90000153,342,73.09999847,
6,65.69999695,345,73.09999847,
6,65.59999847,345,73.09999847,
6,65.59999847,344,73.09999847,
7,65.59999847,346,73.09999847,
7,65.80000305,342,73,
6,65.59999847,346,73,
6,65.59999847,347,73,
7,65.69999695,343,73,
6,65.69999695,345,72.90000153,
6,65.5,347,72.90000153,
7,65.80000305,343,72.90000153,
